INSERT INTO public.users (id,email,"password") VALUES
	 ('7df9098b-9960-4644-a513-1f490e0ebdbb','lchown0@mail.ru','$2a$06$4i3gwm6Pmxw953mel5EM5OCCLbDmHIAjjW6OGygG6IkLTkGxVOY6C'),
	 ('e687035b-b9d7-421e-aa85-3fd4dc2fdb0e','rpavolini1@smugmug.com','$2a$06$q2iXuYERI/YtfngZsUIqeOi9KXSTCQwydaXs003mIM4onD3rBNTSO'),
	 ('144abba9-4a64-4dfa-a8c4-6f6a20d16248','rstoodley2@elpais.com','$2a$06$KYwTpwS3hM6ejah.01JEiOdR3UVev/tD5/QjbQkLX6si.wp9oGizO'),
	 ('309762fe-235f-4528-aad5-dede82c40f5d','sfridd3@ehow.com','$2a$06$2XTnNsy3YrirvvBN.WoNb.FBEK/QAPhgyn1hRsSG2tXiV43OxA/z6'),
	 ('5122b9c1-2d1e-4f48-8a1e-b358f10daade','klindwall4@abc.net.au','$2a$06$VxZ6mt86qQ4u5T0QjZo.Z.4j/w9am8ipJMY4oj0fduTEj22ehPGFC'),
	 ('551e9fde-03ac-4033-a833-7718f3ad026c','nabeles5@myspace.com','$2a$06$QttLki3nfDxvTFsbzL6azOZFR8468ZYBHiNv9Hs/LFKHjeQMrwUdm'),
	 ('15374a83-50a2-4d45-9b73-171657edf6de','bschoffler6@ucsd.edu','$2a$06$7QbYPZbLoafDXCmjJESCguJzg7ew5TeGfzfau63pEsrjJNT8Ta0UK'),
	 ('4db6542e-be66-461a-ac0a-57eafe4f3caa','rgratrex7@altervista.org','$2a$06$ySZSVMYpNm4Av5nGTk1OsemR2JuHmvFZ3VKkLxN6pJb/T3g9Dv8Ae'),
	 ('e96bdb09-4005-418b-97fe-fafaae8678cd','tcerith8@java.com','$2a$06$VpGxgjp4n3.DUWY2lIDxz.UTYFV6sHXur2D6/Bm7KqadiqNgd7a3u'),
	 ('86bf0424-e4f9-4be7-958d-8269154eb008','jkesteven9@blogtalkradio.com','$2a$06$jskmCnKbukgOiJx0jpwnHuXKuN2ePaDNrN9eTA2iG1iuHDl74hoOG');
INSERT INTO public.users (id,email,"password") VALUES
	 ('ea7ef3b1-df51-4c3a-a7c0-d6ed66ea6b13','gmckennana@infoseek.co.jp','$2a$06$5ZEPhjsn21rgq8Dv3Qk3eeVSd9huLGT9BgupQy/UuuFMHtyVx16Ni'),
	 ('8f0e6097-5556-40c0-92a5-89da6d7d3dab','amickelwrightb@mlb.com','$2a$06$lbYm7qX3VpLhc4WG.73xLOzhL.WauY4Ts0ohhJRdWEp1Qq3z22s9u'),
	 ('62ce2191-f5ae-4eec-ab70-d01501f4beeb','aaskawc@wordpress.org','$2a$06$U0T6MF.QwsJy4lv5IRHBTeGvn7tbwFkKCAh6fiPwsNzjGnP8DPFgK'),
	 ('a274c756-9f77-4a84-8b2e-02a0c8f89c9e','rvenningd@sphinn.com','$2a$06$5zJogTAlkZVRgTnt/d2fJOVIflXmzQGJ9oW7WUF26nNuM3.MDSLmm'),
	 ('6142decb-1f38-401a-998e-966113c3deb8','rhainsworthe@earthlink.net','$2a$06$ys9P.l0QLGhGohJ65/s3xO5S9Gr5xk69WB/4qrLv8nF1QadXJUmoO'),
	 ('5e680c7c-2b14-48b3-983f-368a3a22871e','welcyf@scientificamerican.com','$2a$06$rGtCth.wc8dkcc3VQ4yum.Qk53jXh/upt9LA9kOFUz.kvGt1M5hqq'),
	 ('79a1510a-3a21-4027-8aff-d77b8d854306','hsiddong@mapquest.com','$2a$06$zVFU3uNX9XLWNosHJZJ1QuRh0Wsg2tKFwsjJOSzORXZmXh7x/rnMS'),
	 ('92993ca3-3f05-492b-842f-c759a013a077','cporcherh@biblegateway.com','$2a$06$wJxDv1chhnmwrCOR2AW3jeZpRtj2z6Ly..FqMhEmd/4y9gif.RA5e'),
	 ('10342b56-a657-4492-b2ec-50e5f4b437dc','dseivertseni@w3.org','$2a$06$9tD95vi4ZOrs6JPm/G.ww.5JtCPKoeDeWpT1.yuT5Ep5hoZ8mwBXe'),
	 ('8b898901-c4d7-4215-a065-cdeb8dbe91cf','mfeldfisherj@ocn.ne.jp','$2a$06$IUn51ckDdNoe01I9oB9MOuK1YznD4YA80rs5fwB36h3V8vi4..3m.');
INSERT INTO public.users (id,email,"password") VALUES
	 ('df38a090-3681-4a41-bf08-063ed3c2a8f3','ehercockk@unblog.fr','$2a$06$XSVg/UkeqgJ64YThEI6zfOmOUjSDWSoigOyog3FQORIOXUJYITrzu'),
	 ('3f48dfb5-8cd3-41d4-a93d-6ca9cf6cee53','sbonallickl@mediafire.com','$2a$06$ELraIY1b/qi6JnAx4eERq.0Uqz9QGaqFi8uRxb5JbI9D3NQzDJEJK'),
	 ('6269b04a-31db-4ac3-8a45-fa480f55cb8d','aaiersm@patch.com','$2a$06$V4OTwFf3gKxvo/2/Sk95NOZWyp1Psrl1qaRNGu9Bt0NSC/a6KXe4O'),
	 ('a93050f2-7d18-4963-8fe7-11cb36e60486','hdenen@google.cn','$2a$06$RPP5XynLtpwzK8UDSez2FeJvV6PaH5BtKDnj89d8p0vpPTgxa3Yle'),
	 ('cbbe569c-c5b6-41e1-a524-50d505377edb','frattrayo@google.co.uk','$2a$06$DBoqg0Qn1GBMZU0UR6cxoO99z7DXOaJYvmC5eCQeD66eOSOFDt.c2'),
	 ('62bfdb3b-d852-46c8-b143-d50807fd228a','ralkerp@sakura.ne.jp','$2a$06$bJG/G7LtAf99t.YIPdO3aOuMteY0ujNE5/uydFAI5NpDslhryDIPi'),
	 ('498c94de-c09f-486e-9447-e094c3b3c1cb','dmorgenq@zimbio.com','$2a$06$v6v9YG3scFYyBjmF/FYSUeh.lfKvdpvaNVajH.l9OIq/EE3Iw8yFa'),
	 ('1070e20f-e29a-4330-bb88-f404051dbc90','rwitherbedr@flickr.com','$2a$06$TpGw6C/ON5slwEKOtwCAteEcX4FasrcR0NfgHYXh/2xMj388DhlCq'),
	 ('c9ab072c-87e2-4b29-9543-c9009d3489ed','tcriples@shutterfly.com','$2a$06$SAJBg4WAjZK0Wl1RYT0AAu1lIhKxRU6UYZswPEgX3dHoeiDr1Wqcu'),
	 ('86fdbd23-6c15-449c-8017-a5e2ec60f040','kfiggert@barnesandnoble.com','$2a$06$rptsTbNBLDt.uSeD1AazyeZ3lcbeIZY5MQzjPI9P4A5OHZ9qz3kU.');
INSERT INTO public.users (id,email,"password") VALUES
	 ('1a0a49e3-cf8c-4626-9f5f-7e871e4ffd11','apitneyu@unesco.org','$2a$06$WttztEnsMrjBdNJg4S1KZ.XAHqtDkm8CNdeNeP9emGRX70urlswmG'),
	 ('28f26df1-1fe0-418b-9a83-582d2d75f3b8','jcarsv@wikipedia.org','$2a$06$ihwVrTLiYHP1nmN40WnSG.yYq8UiPS1UJ7k1vBQ1ZZFu2NZwAq8uK'),
	 ('4fb566ed-5452-46f6-bd0d-026d8844774e','rleasorw@instagram.com','$2a$06$HRVMkvD8TudfMnzj7B5wJO.NUm4vj1D1qpnnQZvQRQUu4AhoYD26O'),
	 ('4c9863dd-105e-429a-aef9-18c7f321c20a','coldroydex@blogs.com','$2a$06$3mK2SPrUwypk0WvsXII9eOffQNAVt9z/626KexP0PP/ULQev8BKrC'),
	 ('d2e0f993-1cc0-490d-b290-80fba55fb69e','cbuscombey@google.ca','$2a$06$Xzuw5NHMEU62TQqv/BL7G.U5bwMawj9OC3PLwyy2iXhPZjPAMohb2'),
	 ('91b44a5b-9b6c-4da9-9137-4620139c6fdc','mstokellz@samsung.com','$2a$06$rud1WhWos9NFZpboa9QN7uTNY17sFYq6c/rYRKaUo4SWmRboQ0f/O'),
	 ('add17c0c-d533-4365-83c1-a068e9594009','rhalfhead10@cnn.com','$2a$06$xfu6Tq/sLFVjOh/DI1MzyuSgTk4D.1H91fmJHncgfuuW7pL5xu72K'),
	 ('aacc243d-1e63-429c-91fe-d2f9526e8fd3','daxleby11@bandcamp.com','$2a$06$g52iVOTU2jleAiCnfvmMROJnIoej0maiolm5xxDmnDD2RGqMvVLpC'),
	 ('37cac73d-25c2-4e21-8295-32bef54f8990','maltamirano12@oakley.com','$2a$06$gLWiwYItTa4GdZpttU3HlOAK4lSa5KKabQOz7w55Zc5zMFUnaTzCu'),
	 ('71a5fe81-735b-498b-89af-1d4b7f661c82','cfurbank13@wp.com','$2a$06$G71n6ZV5w5dJfyJaem17F.4729koUQTCGRAelZlUrNbvjodpSRBvO');
INSERT INTO public.users (id,email,"password") VALUES
	 ('44176bf5-38d3-4cf2-a9cb-ca46e9e8f6cc','cwooffinden14@geocities.jp','$2a$06$vE4lVzKHVsWq.TD4OvGqGuqzCrgaIu9NQRZPK7wwgFNNV/R4eK2yK'),
	 ('6400ba8f-203c-4b84-b850-7d58b26ad9e1','lgarron15@cyberchimps.com','$2a$06$hFEIqJSHDc.63elzq6WBUu4dK9dZrtTbDuTrNLin5tfgntvCI9j12'),
	 ('04015614-ee01-4ac5-a80f-5dbfffa79021','paplin16@seattletimes.com','$2a$06$4I8CBWF2ITWIws0sSVLQu.zLKEzTB0q2rVGipY7sNltQeCNrkXjze'),
	 ('078ab897-6b2b-485b-b205-49e0d21273e6','jhatt17@wp.com','$2a$06$vWiLqTeIqT2pOJgB5nFkOeBv.CKFXqnMo2EEdeaub5bQoYhZjDDQC'),
	 ('7f13245d-4684-487a-af01-f29ee85f3bb6','mwilmut18@apple.com','$2a$06$tAH1SF/tKf8/OkX7RSiyiuyuAZaan.wYmM92sztfx6oyocyz4v/Lm'),
	 ('3c5cee4a-a7c7-4d40-a0c6-cc4e36ded13d','apauwel19@parallels.com','$2a$06$M9t.Kft2/r8he0aLp/uXDu2DieWdyfe8WRN3bT7OBONAWIS7vmTVO'),
	 ('f19bfc56-7741-4b35-8f7f-04263635be17','idragonette1a@privacy.gov.au','$2a$06$E8OiNEJweLezemuok.Cg..eWpjvEGW3XUcmZnQVZgnPOzJl4rehLS'),
	 ('e428d1ea-46bc-4e09-97cf-a333b0aaf6e4','bduligall1b@amazon.de','$2a$06$gLujUBKY4xOy/FSipKR.6eAxlr4TjvAcN3lLrlaKPzi1kOZj6lJjS'),
	 ('a2ca1b6d-af9c-454f-995f-e0a89ea390f1','dseabourne1c@about.me','$2a$06$tSLHWwJ9T.YnTpiDe/bISuzlC4nNLo0BtQWTsESVT19HzOQY4.M.O'),
	 ('4e8d67d1-8a20-48b2-8f3e-c646bd3b5fda','lcasini1d@cmu.edu','$2a$06$YPWHHdhQNLpFWzE7d9siJOfO/yh34cFK4e71gNW6cWuTZ3orFvc1C');
INSERT INTO public.users (id,email,"password") VALUES
	 ('357237b2-011b-43c9-9287-1aa568958b1e','bmckeney1e@hao123.com','$2a$06$NhriZE23hASTaRrE.qecfefuQ9SU9jKksnuQDeTR1VvfARhRdyFT2'),
	 ('567e6010-273e-4555-80d1-148027e13e6d','nshearme1f@who.int','$2a$06$NoRROS166ECXjXh6WAAaKOyDKgpbL9RGHrH6Ir9iD0joZ3raCgwtG'),
	 ('d9c95f23-2268-468e-a6d7-d0a7495e6c0d','forritt1g@samsung.com','$2a$06$LSXTDpjRJ53mRU/AELyyoO6bz31jwVrJAnzib.bwvAmr1Xf1NjIJe'),
	 ('49a42460-5df4-46b4-be19-ed285fc3c5f6','ebaildon1h@symantec.com','$2a$06$E/Zf79aKLof6oxJ/XsiaIexKm6yZs55niyReeoMjORH0SO6MRWrqy'),
	 ('678ad594-7759-4100-a193-c3118e2bdd5e','dstibbs1i@unc.edu','$2a$06$Qg0p3Ckzug/2uPTwtmqJxOOOva.UAeI.sY7LtCrEmB4ngoOcoK0n.'),
	 ('f12420f9-7ec4-4740-9daf-1d5aa63fcf81','mbrando1j@flavors.me','$2a$06$VbDDxnpn7SfjI6SSHwXskOg5SOmLFWsdBFbqcnISml7OHgtHVmpEq'),
	 ('683e5141-99a3-4a76-bcf4-25195f15cf74','kgatchell1k@discovery.com','$2a$06$9fvV.WMcpLxcB6znAT9XCOF4cKM54HRrltdSStnVgekAUXB4mJbKu'),
	 ('b6c3e1d7-9ff2-4c54-a2b3-669819665c71','tspinige1l@walmart.com','$2a$06$VlohRTAkkqqoETZl5.i1rOkGI8mKdtbnlnRigJ64ZFrSZ2.ADCSK.'),
	 ('8853560b-c011-475f-826b-ec0005b61883','cferriby1m@is.gd','$2a$06$j7v829.2JX4tgTVmh6D6lugqm7WllVweYzqq4Xja6yeGBCTpPnpGu'),
	 ('d73d0ac9-7461-44c4-9c29-942f06a48c3f','gmoden1n@instagram.com','$2a$06$u15pOiYG85o0dgIUAcK3H.GPlS9at9WfTBZsdkYBsBnQuaeU2K8Iy');
INSERT INTO public.users (id,email,"password") VALUES
	 ('77768b09-1b78-4a92-8ef4-743e87e70c40','arame1o@devhub.com','$2a$06$io5m6L/RyCDJaXq6I1Uld.qFCeaP./poUkmibqA2WcYqwZE.r0nMu'),
	 ('2476e676-82c3-40db-87f6-d90e59647fb5','jrichmond1p@bloglovin.com','$2a$06$7FKoFQX9LPW/2wER/8fTiedwZqwWIqcncoeba3SHPJCmt.ZwrdOZm'),
	 ('f207d153-4a0f-4b9d-9dfe-b3d386f1ac97','ssterman1q@utexas.edu','$2a$06$MXusmd4wQccwul3ZlDKxC.8RshvPgNa0Jk0s.YX9zab8DUggGQCOm'),
	 ('e91bb6ed-d043-4dc3-9bcc-28ba20028e13','adarington1r@about.me','$2a$06$SDHylFP4GKLhkNtYd3FEU.2g47bWto3ZV/9kzFpuBen4h.jqmYXWu'),
	 ('d69b9edc-1cb1-41bf-bc3c-e3ca83ab5c3f','mmoreno1s@linkedin.com','$2a$06$ab1fhOClY1e6gFQrMwoJ6uTA6o7prvbDofKD8UMYT6PSwAJmqDi3e'),
	 ('4bf7f0bb-623d-4ee8-baf8-39f6181937d3','tkyngdon1t@etsy.com','$2a$06$78UMI9i51VpAKXNQIPrvH.VC/mNWicd6NCAA7yfHH0iIArGw/UHJO'),
	 ('d7e8b47e-a2b7-4dd7-a408-0b05a425d980','dpactat1u@github.com','$2a$06$5Uz1rNkdlnTST1GzzKME0efSctRGEF36GNYA1NSzpjAFzpoIROUhO'),
	 ('598d1326-6a98-4374-b72e-d71be9307fab','abartolomivis1v@newyorker.com','$2a$06$3msOgdTPkj65c16HqeaOJOayvdQvFlV71g63oYmYHcATljcLYNtOS'),
	 ('0635de13-d153-413f-8e02-dee593aa1f5f','weayrs1w@cargocollective.com','$2a$06$qHfFqVi2Nh.LB1A.QO2zce7wovfZnMcdeTrSS6DWV3TWbKKS7rCfy'),
	 ('c9e84332-80f8-44fd-9fcd-356da7f685e3','emaccraw1x@tuttocitta.it','$2a$06$xRYQztnFuht.H.DQk3HdB.SiYRl0NsOrpsXDRuqhGKR9SgVFw.M1S');
INSERT INTO public.users (id,email,"password") VALUES
	 ('8f450e07-2296-4675-8ee2-cbf9ebf08a28','bthurlow1y@npr.org','$2a$06$D2BYw7ZdhNWSotohMjmj5eVYVqn8Ttlap9w4GrHzun5FxQNBuuxsC'),
	 ('cc69a82b-e8e5-4b62-8c5f-8b550a78bbaf','tryce1z@php.net','$2a$06$ZEfofR4262lkWtQXw1WSI.rWHnoBaJcxWM4YDwrDIPS4ZNWBrFhb.'),
	 ('f0a110e5-0436-4ab0-a3b9-094da3954545','gmcrory20@nytimes.com','$2a$06$oO9ZsE42sFZ8gczCEkdwCO2gR920L5P0Zl2YKWpBu9DGUv7uoeXO2'),
	 ('e5642f13-dc72-4833-b886-59bf4314306b','mpullar21@etsy.com','$2a$06$/NPjaU0J/LoLaIOeucU8L.aX5D.VCqbNWCsNTi2YhJq7an9NYZv8.'),
	 ('039eff21-de15-4f38-8697-1bc9621522df','gboniface22@friendfeed.com','$2a$06$gLh/Fjw4oESlvj6yLUBO4umEzshxvwIiJ6RE4DnNp3l1Clp1BjRY6'),
	 ('e2d40771-620a-4585-a9f7-86698a673780','jclymo23@wikimedia.org','$2a$06$CUBrORrUtlOr/CkMNhPj3.YtKOD3WcSg4rgsg2K0A7YFIHQ4WoguS'),
	 ('5df52129-f268-4c9c-a43b-4a90cbabb8ce','ewhyman24@amazonaws.com','$2a$06$I9Femo9esLwNaRnZczkBLeDhKzeF6hygpkcJ0FhC0y1wEcc6Oe296'),
	 ('cba9be87-15d8-4fea-87bc-6fd67a617c2d','smoorman25@cbc.ca','$2a$06$1MmWJ.6x7mFIBpYgrE3z5.Ct6x6Fwv3sj92TSMDY3V0MWBA7Z2R6S'),
	 ('33f22b85-99e3-4e15-b18a-cfdc73da4a77','ngathercoal26@senate.gov','$2a$06$oarN/iHMNiy30SD2ENf9Z.qbv9NiMDdlVrdu67bDVlvSn053Og0mu'),
	 ('f1dacd22-4a7d-4b3c-bb9d-e38943068a30','sdisley27@fda.gov','$2a$06$cY9sTndEmWH5Cjq.m22zD.n1.ocKkjfS9TMsiv71O4Qzras/gyZ42');
INSERT INTO public.users (id,email,"password") VALUES
	 ('7035da1c-c96b-46b2-b0c7-8150d7cebdbf','rglidder28@aol.com','$2a$06$4QrDuWfE6l0X/u6knQ3nR.x4pDFLvofpKKu6v2dRRpwQULMVn2VE2'),
	 ('2bd57e4b-77d1-4806-b137-6b7442674de8','sbarford29@ft.com','$2a$06$ys37y4qE8sl1vYkCigXV4ebzsls5XBxtorfYAU3oTsfoKZK.fBTt.'),
	 ('c911cf6d-58df-42fe-9dbb-1863612255d5','ljellings2a@xrea.com','$2a$06$OhTNFhiy3Y2A3zMsSNNFMOVev3TkRZROc7aAh5WpAHXuye.zo9RNG'),
	 ('7315445d-ef82-4756-bb83-919c4daa8eb3','cfayerbrother2b@mail.ru','$2a$06$vf/QngBFmwHV35MnXmLEAejMBBZ06zoTLOxCJ/PPbNWXrwpUkbkte'),
	 ('e5338e1e-1a94-4edd-8dd1-b64f8c897b83','ladamthwaite2c@hugedomains.com','$2a$06$yjLvmUj4KDAojrJ8atmROOU4afgbnLuJylm2xIgYV7hs3Dljo3s0G'),
	 ('7dca8035-5a5c-4b30-b596-f0b29342b356','klink2d@devhub.com','$2a$06$L80bRqJ5bHqyDJ.3aKSTjugsvFNcc1UlBhvhlFfLFWpUjkhPzN9Vy'),
	 ('34f4d66f-9a23-42fe-a2bc-163c4b231c71','jdambrogi2e@typepad.com','$2a$06$4ncu1yscgRuquiq7k5U2Muk4.EcJ6Bpv2ioldUYnJlAj3KmN7MHaC'),
	 ('7975bc18-ad5e-4452-a324-cb83c3a48bdd','bferrelli2f@google.com.br','$2a$06$8Dj6lKIXsf8T0UUCrNoQ2.mFTUAae417SXdQyWjfkx0lzBwTXWq0S'),
	 ('a3beb70d-207a-4951-8641-904b101e06ec','mmcwhinney2g@elegantthemes.com','$2a$06$L0armbIC60LUz2X95w8rO.qjYUvDJk.iYFm792zr.nCfWfPAKFQbe'),
	 ('ba368f1c-16ec-42e1-b55b-0920a2fe1c20','jpovlsen2h@mit.edu','$2a$06$E3fRGmgqdXou5uZ19AWrwOeRK55sCo7DeemWg/pIOHkdTIn.plJNW');
INSERT INTO public.users (id,email,"password") VALUES
	 ('f6d8a767-2ff2-4b39-b2fe-627fc985eef6','bbaukham2i@smugmug.com','$2a$06$B/zoDdOqdUlhgWvJSS5oluzi/OehIgyGKBeKHmZ5L0ChMso51Jkki'),
	 ('ed84ca03-188c-436d-a7cb-0df2398099e5','tnormadell2j@unblog.fr','$2a$06$W3hPciecrA85cF4EL63eB.BF1.LiEI3sIRAYzts4S5RtceiCT/9/W'),
	 ('7d2fed94-9811-484a-b7e0-b59cb4b32030','tlindenstrauss2k@myspace.com','$2a$06$hid.9ASqCFG.nbLBvyrmFedH9EtsfkRiip7Ga6AHJl18YEk5FVmxm'),
	 ('5c7f383b-df3d-448b-847e-087131947ce4','hfortescue2l@europa.eu','$2a$06$FTsbBLF3BQeuiLHIErRGT.Qsq7mDhkNadEzam4Tv2iz3g9Or8pRp2'),
	 ('8d5a59c6-6264-4957-8f7c-7ab0f86dc259','gworssam2m@statcounter.com','$2a$06$eI25Tgh4hW9Wj8MXjW7iMu0WI3MzMrSzl.zUXGHLFn1yV3rtSDGau'),
	 ('7688708f-93be-4faf-8278-71fdb3cdc06d','shuish2n@amazon.co.jp','$2a$06$tWSirPIlhNChPQpS5rjZp.VT03CyKmATZsxsza9fr6.pYTYoq3b3m'),
	 ('9c0a196b-eef2-4770-9178-c43d8062cb23','kgoreway2o@ezinearticles.com','$2a$06$F8KjtClzTABePh9eqnkfFudEuaDlpDG1ZKrJrcVeWJjnUsLOCYcOe'),
	 ('8d094164-2a11-48dc-8f73-7521ed572d1e','egelder2p@nytimes.com','$2a$06$gLiPLqSUXerbQA4lfXAh.uoAVzpMrYcv2yxXdZ4a8WPbANAFu9sEC'),
	 ('35c8e361-d410-49f0-9105-78bbf69cf070','lhearne2q@fotki.com','$2a$06$x543dGCHkXKFEn7UKS6CRuBFaeIRKpG5YHY.NrbiSRduQeO1nrtzi'),
	 ('9bb1c5ef-2158-413a-a839-08c5c8299082','lhonywill2r@sphinn.com','$2a$06$vp0Zi684mEHpVAk/181lCu8YdyBGjvrbZO7y/m2aGdkDtV04z0fUK');
INSERT INTO public.users (id,email,"password") VALUES
	 ('b9da1b81-0016-4b65-b954-0b25ca852ba1','dmcleary2s@tuttocitta.it','$2a$06$9/r/rn9Jek8Mh8Vo6.LhA.Fc8v3U0s2OJUp48sC477HpaTa71kMpi'),
	 ('162317f0-7e7e-4a7f-a8de-a4324870190e','bnairne2t@prlog.org','$2a$06$eeh8OXjipLDXQT93ro/8x.zYcw06GqlUp5U0p2iRifb9yZSZqwVoW'),
	 ('4fca163d-817a-41d2-99ea-e7905bf123b9','ejotcham2u@dot.gov','$2a$06$YSMpDHSKiB5LjC9m8WbjHuuwMcNMUcfPsjSx/1J3amZC2ED3.Tdb.'),
	 ('a3cd2d19-9339-4665-ab90-29bc52686b2a','ccraufurd2v@reddit.com','$2a$06$uvUkqE85Uk3ZTRc0sPeiiu.zR.F83VmCydCraaNpnuFgWLbhSaNXG'),
	 ('f3c18f07-0b04-422c-8fb3-f92b027fe1cd','edetoc2w@ifeng.com','$2a$06$nau/P6.kmskv.zk8murvjeKLDvzSmAABsTNDn/HBOp/D6QEXQaCXC'),
	 ('2a2aa13a-9dc9-499e-8d1d-3562dc7857f6','shegden2x@wikia.com','$2a$06$4h.t68T7dCmyUJ3a3JEdvuEMr1JCFn86VQk2AAzFM0zvmdfgE95By'),
	 ('e5ff8398-f17c-4182-9a34-b64b91b7f41a','rklaassens2y@symantec.com','$2a$06$KDzGFR37DgcQZyIzfzonAOhRcAJMVgClzOmN/fUbKZyWjHyLilFD6'),
	 ('9bbe24a7-a479-49b3-8d2c-b9ec55ed843c','cdwyer2z@free.fr','$2a$06$SeuMRiPaJvFdYBnv1tYaPezPKt7fNKtXRkhR8/B5AXV9uRf9RJova'),
	 ('51ac9a41-0772-4cd4-9575-e28e50b55870','another30@themeforest.net','$2a$06$QNflKn6knDS/IM.Gf3pHiOr8cES3Lqq33R1cAKtKtZmN2Kn3wc8Su'),
	 ('b86f7cff-c047-4342-a101-a119b05556f9','hwilbraham31@hubpages.com','$2a$06$6IJn6664oTyJxB/D5J1tfesxRBRRMJHhrcuf7vW50BOBELIgIOf1i');
INSERT INTO public.users (id,email,"password") VALUES
	 ('80c0204c-9150-4361-b6e3-a17c892aaf9f','kvanvuuren32@etsy.com','$2a$06$I3H2oNK10H.otjfqCWJ1Tek4cvfgAy6PTfPPMjgoHW/pRKQuqCkRW'),
	 ('9c8bcbac-2903-42f9-8c4c-2cd3874d5657','oportigall33@ox.ac.uk','$2a$06$95mMwroyI8wOuO2BUbG8ce1DgReJqLecF9mSAsr7uDAWwL.xUBnFq'),
	 ('785dd9bc-a2d6-4028-b6e0-dd0bb9cb64d6','bbeamish34@chicagotribune.com','$2a$06$4UhIYO35rToaSkL3f1nbLOUMGQ95LFZmZpTiJofcWiNKd3FS9v3cO'),
	 ('1cbcd5a4-1699-48d4-beac-ab421ca6532c','cemerton35@oracle.com','$2a$06$O0/UnYFgmSSeHqlFPMPu2euVbXsOpirNRbIp2ZypNmWsNTzJiXhLa'),
	 ('03f1f668-c9d0-49af-bc39-eb74298f9f2c','mtabbitt36@bluehost.com','$2a$06$a0FVHcbFwKitCjApti3oAutCAYySI1KYjCiW/hBcJ2v6q1KTdFEX6'),
	 ('a80b8c72-c3c5-4fa4-85c5-987669a5a0a8','gthunnercliff37@a8.net','$2a$06$Ok9v9qtFrCvUK0IWl2Jhf.PG1/ggj/arDVPG3At2Xt13EjmKLjdoe'),
	 ('af5efd20-fe42-4c39-8c56-4aa35a678a96','kpopov38@altervista.org','$2a$06$WAXjiREwIR7vESxNcHiO1eBggR3e3VPdnB8ieK0b2NuFXABOLn7ne'),
	 ('fe106e83-42bb-413f-b119-11cbaa3ef0fa','cgirdlestone39@ezinearticles.com','$2a$06$9uWCAeAGJ.mR6jTvdjnxTu11SjVyv6KeHg2dKr3G0lefBQvCSaI9K'),
	 ('6087ff63-2274-496c-9508-10af4401a20a','cgobeau3a@edublogs.org','$2a$06$EQbh/35BErleUdvVly8m0eiDebLvFGvctXAVKqG4GfylVAkGG5umG'),
	 ('0e42412a-7f57-438c-b168-d6519f536b5f','amcjerrow3b@cbc.ca','$2a$06$OZIhnetbIi9rs1G/CdMOy.tVDEyku2KUChjz6kO89Yrav3CIZtFFu');
INSERT INTO public.users (id,email,"password") VALUES
	 ('6d2d8591-316d-4371-8a1f-3f78dcab3756','clardnar3c@uol.com.br','$2a$06$MiOojdminZls.ep4zL1xU.39aqHXBUMswxxCrnuYuaPMpjlzOv5KK'),
	 ('3d193045-c61a-4a88-af25-921931283602','vnanuccioi3d@squidoo.com','$2a$06$w77qdS3sOYCpdGHQGTLK4OP5pGoTwMM14WlRW0B82kFxcw5gmO3tW'),
	 ('229fdb83-3787-4724-954b-23eb68b23c78','cebourne3e@yolasite.com','$2a$06$yJemzWs5199fUeBclw7khOvwVLmzZ7SO2h3PYHUSm1Bqgh365VcFa'),
	 ('18bff566-02c0-4bec-bd43-fa9b01dedfd1','eklimkiewich3f@rediff.com','$2a$06$Uwpprx7fRrKp66pRLfSqf.sybsUxX1hJPEktl1/ScdsQvFQlFvVZu'),
	 ('104b1b4d-3927-4dd8-9d64-eaa6eceb167f','esandell3g@ted.com','$2a$06$fkb7kTEAOiA8qRbxx0EqEeFj0tphMBQTThcCpwSnwknW4gpDIgAxq'),
	 ('a7b85765-dc9b-4108-be45-162e3c9ec62f','adabrowski3h@admin.ch','$2a$06$Nkt/Hi20LS8qqVscQdwIj.7tQltphZdfwBQDppYLuEf2TnXGNH1Qu'),
	 ('63a60e7d-d0a6-482e-a736-b03aec7ff694','kfriedman3i@discuz.net','$2a$06$drlaMRAB3G2m9xLtWTXJuOy8lcrbY43EcQJ3YUzFeiEAx3MhzgKIK'),
	 ('51057835-699c-47b4-b2db-f3a63da572a7','eraffon3j@ftc.gov','$2a$06$8AA08duM.1U7XBibCvogR.sQIcnGZZqppcML/hNUsHqSnBc8DAkN6'),
	 ('0ba0cb63-73c3-4c8f-821c-9662b128fd8a','wfair3k@unicef.org','$2a$06$Hw4B2qmmXYNhdza96MpvBe.2Y.t91tmc.03lqlnVrjMVfEt/ltO2.'),
	 ('188c08b3-4c26-4245-a8e9-624251e25739','cmcgavigan3l@elpais.com','$2a$06$E1SPWt7PtoaO3M5Q49r.j.8bwtAbA3/zQb636jd5jTeF/0aAQR7fG');
INSERT INTO public.users (id,email,"password") VALUES
	 ('4080d9d9-b2fd-491a-af56-f84cd9e4b51a','cluton3m@arstechnica.com','$2a$06$fc5J1pRN9P3K7EZOTWadAenBkL6ps5lPrNBbGsXgR/KC6Uu1C1GHG'),
	 ('7834beab-e4b1-469f-b6c4-8d1e40bf02dd','cmadgewick3n@spiegel.de','$2a$06$0IjEA1gi7OYkp7xz.qzdBeUh.Rwt2VPhSFZPMuHvhaxG/rznXPew6'),
	 ('126dff18-7c4c-400c-8de1-c1c0e4217ad3','rkeay3o@independent.co.uk','$2a$06$4mgxv7sBIRGcj9jgRGLJTuXrwtZpzkc7KypMZMMch/SzWgvVa07oK'),
	 ('fc2ab924-88d1-423f-8cf4-5ec12b95cb1f','hkneeland3p@google.pl','$2a$06$Q8DkkLRxr7WoaUasYn23S.N53aN.kGKS2X3kYtZ6uXb/vugfBynby'),
	 ('85ce8b22-e91a-4ec9-883a-e0f6c873c92b','emahaddie3q@ihg.com','$2a$06$E4jhaZUO2Ukhvu98zOnKJ.TZA9RJhMM0jottOIPcTZiz2lo3O1YQm'),
	 ('616c7695-3b3f-44b8-b262-aeff529e86b2','mplanks3r@ow.ly','$2a$06$OBz38vueLbZNUo3wpFkzXu/uViVbPHT019rHfib2L.U9Lww5eMtgG'),
	 ('5bfa15d6-af7b-491e-9dc5-21008ada9c34','jelsdon3s@jimdo.com','$2a$06$Pf8c849xWuCP4EpKpwvxGe7OtTFCjbR96jqL.blOv5rR6SU/6VOFu'),
	 ('320fa227-ab2c-4297-9cf7-fff60b20a717','yduff3t@blogtalkradio.com','$2a$06$qyr/qQ/OC4f.0tevRvoAb.xL/Y9hmyT7cxN8qZl.6jwGBmg2OwCEy'),
	 ('ad91e38a-62a4-45e7-84bf-a81a5fc67736','jpalumbo3u@ucla.edu','$2a$06$D4VAB0NixJexEFtrgGhPaeSR914OMfIJ4EldYdbQniaiy8bmMolei'),
	 ('7a9bc139-c586-4179-98e6-09ece5f452a6','cinfantino3v@shutterfly.com','$2a$06$adzZSb.pGkDkT22WscG7VegTrPyhkG56O2h4cfqi5wOID5GLTqJSS');
INSERT INTO public.users (id,email,"password") VALUES
	 ('3e4eca58-2f0c-44e2-a079-d3d3093fe226','vlill3w@berkeley.edu','$2a$06$8201PQnbFzCau93Y4s9gXe72NM1vZg/mMaDRJvy.HtFulkVw34Mb6'),
	 ('70c3e6d8-d629-493b-a7ff-d29e100a4a04','thannum3x@epa.gov','$2a$06$pvMQXqsxpnyS17/inuwCpe0XqEgWhDenjw.BC4pxiWKsHEy/5RTNW'),
	 ('f4dcf2f3-558b-473f-9a1a-884a07bd0121','dmcdill3y@reddit.com','$2a$06$EsCDYh1QkC7J80peEff29eOa1JO7ZLaOJiH3fDiCQmFNkw4cQ0qWS'),
	 ('8d70be6e-dfb6-4a0d-9838-0b130708cdad','mespadas3z@mlb.com','$2a$06$V5d4cQZO2VnCyPi9XLYWzeSzJhaxN80bLTPTaDHOdf.k/AJXyAkHS'),
	 ('a4303daf-3d18-4d1c-9a1e-3409019a7c11','dphizaclea40@blogger.com','$2a$06$tsVFmAIKtERR/BxvIl0BfuFeetJ7BP.mhe6JzJ2VpUROaf6Za025q'),
	 ('768bdfda-8083-4ba0-89d9-ed11bc5f37d4','tthoday41@xing.com','$2a$06$4lWkqbFIq0sv/BJR1yULwOWuiFaNG4XxBbThl.LTe2eVnmIfsFUZG'),
	 ('63946d39-1c0a-45d8-8de4-442388839c7a','awestgate42@myspace.com','$2a$06$MKKAzwL5rJs/TRF5Mbzcq.OHZkiIfvnrk.UB0qMCncdOWYNtCrm9.'),
	 ('d2368046-900f-40bc-be48-1732014b54f8','dcotelard43@foxnews.com','$2a$06$ccN/NvK.GaxYkXvpR93jNuyX6AApX4iICBWb2Jb5c6Pa8KCAgzfUi'),
	 ('7c0151d7-c567-4559-a0cd-cb854caff6a4','skhotler44@fotki.com','$2a$06$cidEhzwoH3py5olehTvuMe3zK.kpH0xflaEx7ped077pbgTKQALNm'),
	 ('4760cf5a-2765-4cbd-8792-f38a8f8c4c00','ptoplin45@cpanel.net','$2a$06$j1QpsatdSKf0HBYFRVIowur4xLysvU57qF8UaVXtGEWR0Ti0Tgmdy');
INSERT INTO public.users (id,email,"password") VALUES
	 ('9f9f1264-63bb-43e2-b164-dac10e70cb81','pmoreno46@mac.com','$2a$06$.KhkdnabFwxh12mrAgLasOGOIJ6df92Y1co.96Yhi2c5IiNlvT.n.'),
	 ('1cfc3379-b9ea-42c0-bc30-8676ad3fb646','jchinnery47@webmd.com','$2a$06$Rfbo0dJvCFdvlBmgjtA/KOHkttH4AGCZHTkT8iu2BVanv6GtDwNse'),
	 ('ab484185-50d9-4bfa-a9b5-4314ec6aa49a','rgreed48@alibaba.com','$2a$06$tXeXjgmf37PFAWbz792/OudRpGSl35oF30N7NiJ.0INzWBVpjfBCy'),
	 ('b5761ad6-3edf-441b-95a4-2f7df5903d6c','enulty49@g.co','$2a$06$7YH6xY/Dbnft7z2H9NVUQ.SMZOfTQNfGZyASnAyDwlWJfah8r4Wvi'),
	 ('e3bf1124-a577-4b8d-a1a0-4ea4d3a952b4','agwynne4a@reverbnation.com','$2a$06$8212Kn45U..J6ecft9e8SufPoAAF4fg7dn4CQZd.edpTvljpCY3/u'),
	 ('aaa2afb6-7e6b-45a4-a7ea-232b4921fb30','pgogarty4b@cornell.edu','$2a$06$IbDimoB8BreNftLC6Wy6LussgrCfCqgRFVK.qcGQ7M4DRaAUFopKG'),
	 ('e8449204-b744-4725-8afa-e20b98b5a446','jmaving4c@tinyurl.com','$2a$06$sFtSrb6S8zzW2gd2qBPTteZjZBU6VvM1gxMBhXKoZuXqVhFXpcHGS'),
	 ('cd264d9d-ad2b-4e16-aa28-f9b6b525f125','dmallia4d@fastcompany.com','$2a$06$WlCxyb5qvjLL1g8QUXO7QeY9BoUcOdMKrjgxAjU2Fcrli0QGC.Sci'),
	 ('8ef026ad-385c-4bcd-bfe2-316b76b9d693','cconnal4e@stanford.edu','$2a$06$4G/iBNJWM7krvO2BvtzTIeDwt.2FZVPUBr0sCzaA9zeXwqIstrW5u'),
	 ('81fd8ee5-ea83-4199-9a07-5ec608bc9470','cmogg4f@jiathis.com','$2a$06$XkaYmwRFUG.koUVlEngzu.lXMThAMb1DAeCE2b6fIkpmtYNejY8ZG');
INSERT INTO public.users (id,email,"password") VALUES
	 ('ae95741f-8728-4945-95a6-9674aef3062e','sdurgan4g@washingtonpost.com','$2a$06$dJWMQ5r2L8ah0ZzjbiRwmOyfRcfS9DKOcUVK7n8CPDkz3gdv1Aqvu'),
	 ('d7a3657e-7814-4a0e-b128-7fd725117aaf','nbilton4h@hhs.gov','$2a$06$zKdbq1LZT9J0ToVU4fdA9Oda5vlv6Pe5mAnj/1m4HpX4M4q1KrNRe'),
	 ('6767ae01-cb29-45b8-8c9e-e8c2b10591e4','kfurness4i@cdc.gov','$2a$06$gbeixXBawL38.4d01ZzA1uWKx3vXxoXg2uSwLGP8mS4VGlqNJgEjW'),
	 ('766e389f-2eac-4f56-aee1-38aa62f89cf4','elongbone4j@nytimes.com','$2a$06$eTxW/5LPEUTTCSuZbs1FWembfU7BhotgU.zk9D6PneZLEGMspePAG'),
	 ('802f31e0-fd84-4f31-8565-be75a2edbdf7','lellcock4k@amazon.de','$2a$06$kYuv8c8IdaJi2oydK47FVuun8J1udMm7qXb0oQ4gn0tRhCihcZ34e'),
	 ('6e34d52c-be81-485e-aa46-2b01de558027','pkeeri4l@sitemeter.com','$2a$06$6MI.TN761mlEx/CkQ/NQ7eLjvTlC91i29WCkaDspc.VUpBt.PnA4S'),
	 ('df502d8a-f475-44ef-af24-45608afe2e71','cburnsall4m@mashable.com','$2a$06$FK88zu7r9Ly/5dXV1nXQiekTSUJHkDOHsbIFZAFRZ7BGbtZkdInny'),
	 ('ad88905c-5a2b-4b6a-9a87-c4bb34fbcf68','agiggs4n@stumbleupon.com','$2a$06$2OMvhwn2qitIQomUH3TDWuWk9xdpUGC6XOvx/AFB/feKffRzMf21W'),
	 ('f4f00409-34c3-43bb-a354-8ba6662cbf7a','lblezard4o@uol.com.br','$2a$06$7zIKg4MVOgtPU7AxVYsMZumlV0wBGDfbd9RaTRD16Le8iLd1sxzOu'),
	 ('2fa57363-d5c0-4b6a-a17b-ec2f4bb490b4','glewington4p@prweb.com','$2a$06$2xZftam4dsOfymPQ88U.Ju1GFIRGVMAZBKMh7mgmN1HCn7bbhKsmW');
INSERT INTO public.users (id,email,"password") VALUES
	 ('251f477b-42ae-4e0c-8497-97e9d801c164','whiers4q@msn.com','$2a$06$cH7Nvnt1m1Sy.o4pOjeA9OeZ7MVqwWMZ6rKccTMk4pHpuc0xgIg/2'),
	 ('d66ea8a2-e2d4-46af-9ca8-6d2dc932280a','wstrangeways4r@hibu.com','$2a$06$kr2yxANPSNppnqpyXVtIZOy/bSQuvpQDfRC5WOQiK4SSlU4Q4cRvm'),
	 ('977c2c6e-64ab-4e8f-b743-b15c9f5ad88a','vbasden4s@simplemachines.org','$2a$06$tysbKuVDoC2DuDWJdFR85OzJ8RGuZ2VUSba1eRqcMwJ2VLLnHqwfm'),
	 ('2eaa9dd2-3cff-4d63-ae0f-ff55bec2561f','bstrainge4t@bizjournals.com','$2a$06$OABJSZo2JuB6xIMx6TAymebi.rVbaxy1pdkeZtwHPBfj8jSf3w30m'),
	 ('b1b1ac23-92c9-438f-ad8d-568a71736b31','odunlea4u@rediff.com','$2a$06$gye/avOChNFMIuBsvtFfQ.Rlm2VH/RpflaO6oNlKMYMMdCkLZWIfq'),
	 ('35006383-4076-49f2-bd49-4656376b82fe','bogarmen4v@yellowbook.com','$2a$06$hVgFasraaVsDjy53/7YEE.Sq8Suki08/bPAAzzLi4UL/395RnWMke'),
	 ('079c9cd3-1e77-4b8c-96bd-aa54de2f4b35','hdoogood4w@tripadvisor.com','$2a$06$aokZVcfSexh/TtTJTNY2ReMmVVCa1vKlfW8YPPQlT6gstDamI6SQ6'),
	 ('04d265f8-74e6-4c9b-9bb2-58b55856a579','vprescote4x@earthlink.net','$2a$06$m1Qn/RJAH9.FApisQTIYEOra0njSS2HznOdNrj0FUxOKMmnVJQ2wi'),
	 ('34148a2c-1ce1-4d05-91c4-2e65d606707a','achittleburgh4y@pen.io','$2a$06$r6XCGudwfow1skYHcY9t3OUeH1PE7X13puj.FH84L3GYHEsm/Dl1m'),
	 ('89c39372-1cb1-4185-857b-fa684b5d5384','slayland4z@dedecms.com','$2a$06$9LXqfAjxLRT9rwrcWtXkzekZ360AwtGxFPPoHZHkBMXWLC8GEDzbu');
INSERT INTO public.users (id,email,"password") VALUES
	 ('a2d1e50c-fbad-4c46-ac6a-a924ae20711c','ghofler50@hostgator.com','$2a$06$0hrMj1N8E.tWtNcyJ5DvOOCvEcSzz.6Xe027XsP06gtRnxmUmP.RK'),
	 ('543c2360-3559-4d3a-a61f-0c5a99b2adf1','nreame51@a8.net','$2a$06$lmc2YHw99SbM3BWNCdLOrOhAgvcV2JnDx48FqkxZtlcS7pIjACWEO'),
	 ('6432e4b0-16b8-42e8-bfc7-1714bfa6b9a0','mfrostick52@posterous.com','$2a$06$JoDG3SnLJOwZdYGW5kcl0uDV9bebowmEdabMXKSaVtLht4FPnZDPG'),
	 ('679d8383-43eb-446e-98e5-30c592fc13f4','psultan53@reference.com','$2a$06$7aiCdLh.tl9BFzHRTXooS.l8.u8R3MJKFCRAJwpz5X9TRQHZCNev.'),
	 ('50ff6447-1cd8-4d00-a3cf-51d95d430d5e','doven54@umn.edu','$2a$06$m8iRn8v0SpC4G0RGBs.cUuteZbz2OTpLjP/tkLQdSJWNFupsPNl.i'),
	 ('1930ecb5-9813-48fc-9390-7c73bdb981e7','ktupling55@phoca.cz','$2a$06$lisJx8qvkXyp3.w6SJf32OupM/7UqmVD3jYb8JLOCnPpuLTk7DPdS'),
	 ('ca1b630e-0428-4656-91d2-0d8d9f581284','mpenquet56@vinaora.com','$2a$06$w.N8xp.RdiKbuUPyn656JeygKFg0.r//3GD7H/KKbbQnyDX2fWx5O'),
	 ('347233f2-4460-40af-838f-edebb6ed86ef','oknoles57@goodreads.com','$2a$06$occZCN/U4UGBC0xKm8NlLu4CtB9xZXaM1nGYPXGl2h.cAax6AATN2'),
	 ('6e71c0eb-aada-42f6-8634-7fa1249f02e2','bkenwright58@weather.com','$2a$06$gwf/675707LmvvsFqqxm8.YycZiLQiA9yIP/4ULaZC1L6NF70Hacy'),
	 ('0a037873-da6c-4b04-8de3-60f3ff02e81c','eguidera59@desdev.cn','$2a$06$DkOdz6rxJYQvBVLZVVyRCOKD.ywLzz0KKVMTk9S82m5qpk/KEe9NK');
INSERT INTO public.users (id,email,"password") VALUES
	 ('212500c2-3e15-495d-9cf2-29fe60019c13','hjurek5a@ezinearticles.com','$2a$06$YkXQU0ebAiPIpLbNRNV2n.nNY3SVAfpKPu.fg/AT1yCFvvBvLfMIG'),
	 ('d33bf762-0bb8-4244-8460-f2b1dd55e481','afloyed5b@hao123.com','$2a$06$ZE9MDJW2.UFn/GlkbpMe9uCuuCCIANQHpUDS4zA403RbItTNCBp0.'),
	 ('5b804b4b-301c-4be0-a475-4c2956def3fc','mdymoke5c@wikia.com','$2a$06$rn3o/HF/LT1LK9ZaaDHAHeJhPdch7/xUnvLC4TWRi6eFpPTyEpQR.'),
	 ('7a9ee1cd-57b0-4618-a889-7c7c7f4af508','cbearfoot5d@senate.gov','$2a$06$LGEoY47c9YjLTMKL9fdpCuakk/SNPBLKxoi8/Umu4PJvWO95KfZcK'),
	 ('8d2e1a09-0128-4023-aa5d-bd054bc195cf','mbleckly5e@phoca.cz','$2a$06$5w05E3InJqvnqhwXUhk1Ru3oqbNyA1PhZFmVP1gg.ApJ42vQgir0C'),
	 ('05e2db65-4fd1-461e-8a13-900fc1940faf','dgudge5f@illinois.edu','$2a$06$yOAqybKLV4otPf9kGs2hbuOV/Fm1PcpljY8mVYCAjDHiceb60tDMO'),
	 ('d09541eb-1508-4210-9b02-612f902d609b','ccockayme5g@ehow.com','$2a$06$4PfDQq1hB0imJicAU0c8HOOe5Bs4sxmc3T3Jxexnj.2F788wBimGm'),
	 ('8bb56a2f-332e-4e6a-9ec7-9fe62a353289','aheyns5h@buzzfeed.com','$2a$06$jUb83.enx7HB.fvPgAB7NOCdonRXNRECc5M6alPMepkp3oxZ.ulQO'),
	 ('e702b8b4-8953-4270-a317-20317113679c','lcasari5i@foxnews.com','$2a$06$R41qvTG.M3hG.IKcYvykTOEeO1f3hGbD/T6BzabSYdvBrpRRQylcG'),
	 ('8679513e-9af5-4cba-afd8-7f29e4493b89','kohartigan5j@w3.org','$2a$06$mEDRn3KQRh9Gygqctg81oOgbKax5hg0fwZqF3nLLVtUOPkDoiNzGi');
INSERT INTO public.users (id,email,"password") VALUES
	 ('93be983c-a2fe-4a3f-a08c-8dfa148b9edb','afaughey5k@hostgator.com','$2a$06$AtyFjZ6uxk3dhZng47P1w.VpV1pErDAwEpdT0rgvPoKI3PrVHwDsi'),
	 ('4cd6380e-203d-497c-b86e-48009f6ba8af','jmacilory5l@epa.gov','$2a$06$PByuMOH00TAgHczsyMqp4.zzf7o1zz7syEuAuJbQfshYh56RPjzOK'),
	 ('790cd197-87e2-462b-990a-2f869a3029dd','eingleson5m@rambler.ru','$2a$06$b8ps71JmofxXCJReJX06XuBkj6C8kXarlWu2JSBJfnULOdSxKHEWW'),
	 ('7b3625cb-c62f-4423-a684-d98095ae8c2f','eclayfield5n@webeden.co.uk','$2a$06$vw0I1AmYl/GR3sDj09XNP.bYCDLL0vqU0eowwQKE3GKfR7IKhCSIa'),
	 ('032ae60f-0cca-42ac-ad5e-744571133548','acreddon5o@examiner.com','$2a$06$0O4/p7RJGlm3k3x1Kol3O.2YkNOR0DhHAj43EqzyGkvhw78IzGlYW'),
	 ('08368188-3ba6-4a3c-aa14-da9a9dee5dfc','mkobierski5p@seattletimes.com','$2a$06$OOU.5hOxLYKGam8CksqnZ.hNg9gGlcxbNAZ4AtGubGDktNnZdQErC'),
	 ('68f3110d-7ca5-441b-bb41-97357fd69811','mgeistbeck5q@altervista.org','$2a$06$LtuRxKnGBYwLF/rlZ.F.puRa6zdD6c88fLTfvJ/Z6upoD1BVww8JO'),
	 ('874ba66b-0d0d-48be-8fa0-9ba572ee28de','rbeumant5r@shinystat.com','$2a$06$4EH5pKkkvsPReUBZWnqi8e2e89HRRvqNfL1xEpnJ8dtG.ud4WcZKG'),
	 ('aa0d6ee0-132a-48f7-b9df-110ab8c7d91b','lodney5s@storify.com','$2a$06$mp96z9Gl5ABu1zMJMNmM/u40E29AUGJNCDuoCNB0A20cT.31JPiXW'),
	 ('e12b251b-febb-4f7f-9f2f-0f117baece22','gmiebes5t@jalbum.net','$2a$06$t8usdgzAYrbGJrJXDxnKAeHhhA80QqbuySm0DSplEcbOEBZMlxQlu');
INSERT INTO public.users (id,email,"password") VALUES
	 ('6ad500c9-61c8-488e-ae3b-fecd59e67ca9','rmacconnal5u@flavors.me','$2a$06$6mxGpCbgB/daGRo5U04K2OejDsKr96J90Xr9FGYxhgiETexckjMou'),
	 ('296565c4-7875-4317-87a6-c94ffb6435c1','aternent5v@comsenz.com','$2a$06$uLp6O0DskUF4XO1mCRLV8O/klzuYyHVH7a.wBnYYX8Jnu41CkIBMe'),
	 ('62e3b33f-0217-4194-b499-f725854ce17c','sbleibaum5w@geocities.jp','$2a$06$oAITN96MeMu7E6mcEW0ItOMNij7Oj/kItRQNtKX33kZ1Lz34MyTiO'),
	 ('9a51e20a-ab77-4aac-aed4-85c9f7d71504','apainswick5x@usa.gov','$2a$06$R4smHCd.n6hixw4wNFAwwO9WVxlZomCIQzTBrn4hYnQseB8yPh9XS'),
	 ('20408935-b3a0-4e11-b5d7-a49b312277f5','rbehnecke5y@hao123.com','$2a$06$rMPoNR1h/PrAABUAOTZD0enNhZgDfs6R.iuzhSHGGzkGswYrcl8d2'),
	 ('a4f0a1fd-8a24-4d88-939d-6b7ff622a492','ubrockington5z@google.pl','$2a$06$quopbW40eyceMcTnknVe1.3eKC..XkM3v03Uz.JqlmU5zhSiBZlFq'),
	 ('4a99c943-df2e-4021-ab49-96a67623e689','hcranham60@live.com','$2a$06$C9nxxDDVNwI8oHXqlEjj7uq8QysVp8XSNtZB47QEJdqAXBKUOmrje'),
	 ('78d06d93-92be-4135-9233-ac92401813ca','bbaldwin61@narod.ru','$2a$06$gjvkz2NCRYj4W2WTtIARy.YR1kOj926t05U9X23bilOqvZ9lH4RWC'),
	 ('16c58d34-6eb6-4d0c-bca8-971eb0020222','awhales62@ft.com','$2a$06$sHE/lMAum2Apm4M/8f6g7uZ.GQJ05tZpPihXAjX8Lv0BMaUS4iy.q'),
	 ('7d76327f-c86f-465d-905d-c5171537e439','mfound63@diigo.com','$2a$06$vpNTHY72iMKAkqDbQvi5D.al1n051MtV/DtAdhOIpG1vPjTdgftwa');
INSERT INTO public.users (id,email,"password") VALUES
	 ('04f14f4c-5dc6-4983-841d-7ec356a9cec7','ipennyman64@miitbeian.gov.cn','$2a$06$jX2cRfuMG2FvlURE7NMBpuKVB21fBGb6kQs.HpKrn/OBi3FxueuI6'),
	 ('ce879e69-deba-4570-bf76-f93d6cd0af53','bparke65@usa.gov','$2a$06$9mMII1NhyHxuzi/5ZTl5fOygARugNw5eRiOOTGYWvWPKoco1Fc0vq'),
	 ('ffdd8df7-79e0-4264-9ad8-a143435872ae','eespinazo66@google.it','$2a$06$sq4QZXOczL.WvTmu4an6LOLa1HzpPNIivQzl2VyE/JyPAjuYJdule'),
	 ('396378cd-10d8-41d9-bc69-b4cda406fceb','bcroyden67@icio.us','$2a$06$iCFMtOqIOzS7dqb7rocK8eFQpKCw.7G7/iRcIKnPg0C3rQbAsPE4e'),
	 ('3dfb20a1-6a14-4bc8-abd7-0993754b2de1','jmountstephen68@huffingtonpost.com','$2a$06$aRWVED2QFgMHx4KRwaLx0u61x13xP/kBuPzUGSiuSLqHMOOzgPpZC'),
	 ('1c5c5df4-3a2d-42c2-8437-440db0160773','kdobrowlski69@jalbum.net','$2a$06$crh6rhLDU0dRCuQhY24HZu9aSIHTuH0MkuvQn2wtco0E/kaENwwP2'),
	 ('8774148c-e45a-469e-b43d-96ab7ce8f47a','rborgnet6a@bandcamp.com','$2a$06$hExq1nhljCwippehjUU7JOb2KO68qi6bP/6rpntdMG9wYACvQEGFq'),
	 ('5c3103cd-c396-4246-8ba4-e17f0887c8f6','ldepinna6b@blogs.com','$2a$06$PRwe5tLS40sRoRVy8KUE8O1jKDOYwMeB16FM4HQuNIYApIzte42DK'),
	 ('ba13f886-d69a-451b-8518-b20039f7e510','kvokins6c@clickbank.net','$2a$06$iZ764ZwwwXZBoRQjOHAhh.URZOGjJtcVEfWPRJMjGd7T6d6OpL1ie'),
	 ('07e94f3f-c893-4f6c-86da-3d9eb5a9009e','bnadin6d@census.gov','$2a$06$DLmnX07KL5syVB3tdIZCe.D5XyRH1WbCSqfEUvhFDSdhKXegq1tpS');
INSERT INTO public.users (id,email,"password") VALUES
	 ('f2f51a02-102e-4308-94d4-6b367ad7e20d','jbrader6e@scribd.com','$2a$06$43cHV7/uQWExAq3ilhtUSOEfopqGqA5dsM..ngDqikKUykaGJMzza'),
	 ('2c8e9e5a-2446-444b-84ba-b00c92e77ab2','cdematteis6f@google.com.br','$2a$06$dAYi0p9EdMU3xcpYIzm0e.tq/pcfbsaphXBeC3vYJUqaXcs9d4pwO'),
	 ('c26ae27f-1046-4f6b-8cb1-e570caaa2090','oashford6g@google.ca','$2a$06$Pjs4EjWlJXHR95GIQE3TmeQZMnyprqFbMq1w1iFa5bP3lRpE2xqUa'),
	 ('488c46c3-8ff3-42d6-8fee-a8a97aad12b2','mboyde6h@geocities.jp','$2a$06$mRntYu2Gj702klS3tf3X0.bFA.VNIGEkdXfGFg0l9s6zwu2RpItz2'),
	 ('8748d5a9-2f71-44c4-b9b0-f5788f6dead7','nshane6i@cmu.edu','$2a$06$NyZWwcVqpr7jMKORZkQO0OFVX2bLiTQw3YI7Zddedmj6caa95Enua'),
	 ('3b181da6-dbdf-4b00-a061-d6094b6093f4','edalinder6j@prlog.org','$2a$06$MD.LFLbJFoZagZCCgusltugsjEEFtEMF.z2LcYxQlOUnI2sE0vI7y'),
	 ('96bd42f6-4c18-47a8-b251-3b57a3ef2c6b','brein6k@seattletimes.com','$2a$06$Tt5HJgDzYBbhyPqOAM.YueKVb3VezgYCnlHu/naVDLdZHg7pohtvi'),
	 ('8a90c113-1df3-4a89-b876-57eb889760c6','dbowditch6l@tripadvisor.com','$2a$06$ACifqWFGJJufCjN9XOKNF.vSdzC5OgQLpmEt9jiEFzORSZjKceQbq'),
	 ('b48133fe-019d-42f6-8b88-8a148256076e','bbuller6m@goo.ne.jp','$2a$06$nG5GEXpBDVa/NyOnF9GTLubH92f1.R6AVL5RSB/J.lIJ3JP7t8AQS'),
	 ('7c7bcefa-b564-4dcc-a144-bba69dac57ea','coshirine6n@xing.com','$2a$06$L00HKreIrqBbMm6sSv1a6.5j6qDwFS.apCettO72OAUtAm5lmVAUe');
INSERT INTO public.users (id,email,"password") VALUES
	 ('64f3aeed-d68b-4a2a-be51-5858c351aa3b','jjaqueminet6o@businessweek.com','$2a$06$fVNnvwsZVrYRflc5dSIQFOZvh7sI.IUpsCH0oHQguQBLiwsXSXK.K'),
	 ('cf66087b-ddba-45cc-bd16-d6c894e5c86b','eovendale6p@uiuc.edu','$2a$06$pJEyKrpaEv7nhS4yHRHS5OaLFZfyAju0QjGcqhs6KBww6XyjN/oQi'),
	 ('c75ee001-de19-47de-88cb-851d13188a65','jdelieu6q@shutterfly.com','$2a$06$C2zYXQt.C25ctz8Qx0zNhu28Gi1vn/1IzlwL0MkDJwXIeRGbgEBqC'),
	 ('d3dc9f12-5ae6-45b4-b43d-2b0ad59072a8','scall6r@ovh.net','$2a$06$rP1Ft21kF689u1v6hEntIO5eSAXu3RYBTKImXNFeUpNje4auvJH.m'),
	 ('c50b5f03-4586-4ef1-b742-43c8d9310a3a','wfauning6s@unesco.org','$2a$06$ZbF7urUFcfpHMPiW2VboEOhL8SG9TyTB046lakJm.Nwlygi4A.bpq'),
	 ('5a3fe785-6ead-4645-93b1-67faeda10852','jchaudret6t@whitehouse.gov','$2a$06$wzO/UN306d87TvWozAyetejqN31GB2Tr3bQ6SA9.9B2hl2wvtGcja'),
	 ('61b98308-a1bf-4ad9-ac9d-5134eb731af0','bsynan6u@boston.com','$2a$06$EN3/dAiuXeAZoH321nOF7e178O0NHPa4senZjt85QTNj3UWaox2Tq'),
	 ('d990bf2e-ef41-4489-b659-f9f7e338822f','iburgis6v@springer.com','$2a$06$a7olaZS25KGSZMcqG4ARgeq3DZpvYuTHSO8NKYugtZqyTwhhQEwim'),
	 ('ded47926-2fdc-4159-aa1c-87e48fd54e63','proxbee6w@google.it','$2a$06$fKlJW.siSGaH8I8ggSH08euIhOmTocqIkvnxhphE3UXHsqgZjiFA.'),
	 ('8c77eb1d-2451-41ff-bcd1-b70ca733b3ff','cbrewett6x@prweb.com','$2a$06$eDoA.JT5glQdBTv.929BXu6gsWM9JKCvZ2ShoVGGrkCre6u9Aibdm');
INSERT INTO public.users (id,email,"password") VALUES
	 ('bfae7771-708d-4a4d-9614-ed7a0c467274','jgowers6y@tiny.cc','$2a$06$546jGsJQZ6hgDE/lp3kFQump5wTrZsc98ZNFX6bN4AwyYI5.1Fni2'),
	 ('2d32b298-3921-4f56-a4af-ddbf9c6d5674','atildesley6z@feedburner.com','$2a$06$7sYP1pTFabtw5NJqTbBL6.TOKym1fz7Fcd3bX1aj6ipx.aybWgtpu'),
	 ('b55e5935-3b3c-44ca-8e47-238aa79d31c4','ddudley70@about.com','$2a$06$wZrubON5mDyOy4HyVD1af.RX3Ecdz2cFDrFkU5NrZ281ZI0gi6zdG'),
	 ('03f9a7ed-518f-4210-ae71-783800faeb39','dconnick71@craigslist.org','$2a$06$b.6AJGTXp/atNnvm2qLmsusGdzNewJ72M/9PIGgdBKkm3bwOCsHkS'),
	 ('98f4032b-0821-4a69-ac65-9a81f564ebdf','rtinson72@nydailynews.com','$2a$06$qb/SqbKrAeHzoBqqoMktNOkzo6RPneH.OJW2ghTHzzV.Kz4sKi1se'),
	 ('adad81f1-f2d0-4272-9f2c-38158457a8c8','scolliss73@google.cn','$2a$06$qUgMCZwybGUeWbxjgRx5je6gmZkJv65d4wGQLnEG3/731MNUIoXXG'),
	 ('16f07462-f6ae-407e-a3b8-d94bdea57e10','lkupker74@google.co.jp','$2a$06$HJjpxWFGYrrLd4ZDCvBsBORKCSZhalNJYc16UIMyB3Hryzjs2rE.G'),
	 ('0903dcd7-a745-4160-b052-e11a5d08791b','cmaccartney75@123-reg.co.uk','$2a$06$VWTCpqC5DqW2ScZuHFRACOEm8KTR6xKVtZJr5QnoriNUjPstfKTBi'),
	 ('3a50378f-33d3-4247-9b87-a7cae535fcc7','zcrebo76@paypal.com','$2a$06$eM3.46dI3tZ/AVGF565jLemZKh0kg.90neKyKMiUyVWRS5DEH5hle'),
	 ('3c564c11-2989-458e-ba90-72aff11760e4','gmcdonnell77@webeden.co.uk','$2a$06$8mPk6HDqyHPPeLu9a54q8.glS5lCSCRsquSHLOFl1niEox.l/6DgO');
INSERT INTO public.users (id,email,"password") VALUES
	 ('5ba2385e-8bb9-4f8c-b4dc-a808bd4a9426','tkinzel78@arizona.edu','$2a$06$pYGtzqPilgGGRNcUeyWRzOQ7iwO18m0fxne6gcVHUN8PLa5rYDiOi'),
	 ('90e941c0-fc25-4a3f-ac51-50704f7ef483','aickovitz79@rambler.ru','$2a$06$.r96hAkmgDEgMd9MNqcqLu4CnGhfH719rssYnuXyqf/aaCls9rNbi'),
	 ('024052e5-15e4-475a-899b-e716f56b5e76','kmoulden7a@economist.com','$2a$06$.ERqGBv7NFUxA881PRRXW.n4gKU9yJr3QCMt5OiavU4WKUcC9SrfO'),
	 ('6c9a7941-b5cf-496f-b308-37c6d196a42f','crosenberger7b@state.tx.us','$2a$06$ejxpLzGxkQUoerMK6qY5Ue/dEjWzHTbQTlCe/9bcnJDTFJg7XvAVG'),
	 ('7b8805a6-6c5e-4d63-b1c1-621d3f2669af','sfurmagier7c@xinhuanet.com','$2a$06$rxwHKOiiCIOsAffS3Kp2LuS5GHJBJ7rQKWIfeG46OGiqQQ.TEiT4m'),
	 ('9b9ae3dd-7fd5-40a6-9e16-8d0e80ba15ee','tbeardwell7d@berkeley.edu','$2a$06$MRj1a484AFMWHWSzkWSY3e2wnE0cRGGjfFyOwpFk.sMVSllR0yfLK'),
	 ('2f97adec-80c9-4b11-905f-de6309a4d03d','hsuero7e@bravesites.com','$2a$06$fVcLACpMCMG8qxEuxnKgTu/vdP7z/EQNVluzk5aWgz6iDf68nOxCe'),
	 ('6d17ae70-869a-44b9-ad85-b2e44ce2f188','akelwick7f@livejournal.com','$2a$06$u8TM8pcFfQ6dmx3cD8x55ud6MgAWfxcQ.AZOCHVYVNf87lD/pEv.e'),
	 ('3eb575b6-0599-452d-9db3-3429bcfe2631','wsnelgar7g@xinhuanet.com','$2a$06$KO4h0MiCC5EobSB4g60WjOUXP.Q/sRMvF2m2KzABlDKbLsiju5qzG'),
	 ('16fcf314-b539-4176-abd9-9dd8fc6ac750','acousen7h@multiply.com','$2a$06$.0P42.zcSPDEAvQiq8CGMeufOl/dsgkNRAIKlGEhkdLS.DILHUV1.');
INSERT INTO public.users (id,email,"password") VALUES
	 ('3f8a53f0-f22e-4fbc-a544-49167d1012dc','emulqueeny7i@oracle.com','$2a$06$cbOdTwYAuX6WSaMke9.ZXeoVOH5EiP1jgOxarxXia1CCbJCVTqaJe'),
	 ('d1577942-4d04-4439-b7c1-3c04390c59c5','fcoutthart7j@cnn.com','$2a$06$FCtebbi/APG5sCsnIXc.nOjY3u7eT1C44iFUFtEOATyhR4xjsYSIa'),
	 ('93d95661-8599-4441-9ea7-e91aa72a21c5','ecotsford7k@narod.ru','$2a$06$LLyDuHtPT2FFwsN/tts6kOxEY2xDCPVcnEtc25m41.w0lJcpWhH2e'),
	 ('8ad82617-b60f-4317-886b-756e08d4136c','aesselin7l@newsvine.com','$2a$06$61XN56/K7WNabLi89vpoX.S2sqhlUEnlHaTbXduVmsZPAEgbO0SSW'),
	 ('f6ce71c1-9abe-4bf7-8789-420ed4443ddd','jwoodhead7m@imdb.com','$2a$06$jQZjuAsi2YjVpRcUA6rneOf8mFKpBktXNBS3yzXzlK7S9Uxx1QbE6'),
	 ('3187df0e-282b-478c-9da8-952d35f0e544','bcocke7n@addthis.com','$2a$06$zSJhKLB.HJWH6PbmcB0PjerjUlIzhH2D4PjgJR1WS1vpzTC4SsVBy'),
	 ('b77544e9-52ee-4c5a-8c8a-3500c8f0bf99','cfreiberg7o@pen.io','$2a$06$SvSQzuqY/sBja2yBPde/bO4h.JK.xlxGAYckwhdc1OeZRiWKwXKkm'),
	 ('5e84ebdb-e8f3-401d-a8eb-768b8a3f7c41','nhexam7p@slashdot.org','$2a$06$AHqayLkG23mtnSl2JhpqmecHIN0Ef5JDMPSFi2Qy3dwFf15//0sEa'),
	 ('a029b145-0a62-4356-b387-8d8a49d1fb6c','aacreman7q@dyndns.org','$2a$06$qeiwfNXGFC2fog.Db7U.q.xoJ46QBe5i0z7R/C5CQ7uIb2rPVUwpm'),
	 ('f26e059b-5042-404b-88d0-ba6d4530633a','akillelay7r@nhs.uk','$2a$06$Foc6Ic0lKvhd3FE3e.YE5O8XWE5EQc1N8pySyXx6YVXXMjEp.rHJ.');
INSERT INTO public.users (id,email,"password") VALUES
	 ('1afff46a-175c-4cd6-ac21-c9f79e3d31fe','phazzard7s@berkeley.edu','$2a$06$fpaXBHXISZmAGiV3yyy1KetSsRSaRNTXeT.UE3C5XNUGDWWtcczlm'),
	 ('93275f43-8604-4102-a836-8b6db2138a3c','eduetschens7t@unblog.fr','$2a$06$yz1x8nv5hkHuatUHIQsMy.bF0TSPMKbmmfrqXvRP7zqvRGuTcExeW'),
	 ('d65d11f8-2a9a-45c1-b847-04bdf71ce3c2','khollyar7u@walmart.com','$2a$06$dLkQsRFfUKSGR/gEFpfhfeHcCOCZXHY1fSWLzjttEob/Bni7q7d/m'),
	 ('18bb4c56-d8cd-4540-9861-aecc62ca128b','mburr7v@google.it','$2a$06$NxG9qyJpuVwHtBoRhVxLDeqfiIi7FVXn/DziSjBe/Lq.Qcd48lhy.'),
	 ('d5101703-cd82-4b0c-b84c-5dc424effd1d','cmountfort7w@creativecommons.org','$2a$06$vNA0WQVXgZKs/FqLCEG7xu2cSPLxPqYv6SEJtk8AVl0jEPfumJ/aO'),
	 ('2313db29-cdd6-4110-8899-f2a386b934a1','jpeasegood7x@umich.edu','$2a$06$kbQCeLCATF2S0h4fBy42ROnIT2u0MRAXE.skQfcaZUwzZ9UECdoYa'),
	 ('2e609b41-bf94-4a33-8053-29f56d5b5a32','mshortt7y@gravatar.com','$2a$06$utbpOU1.KTn3WWRhvAUSD.ZGOHVJw8cdngi1S9mi82SZP6iLP.A9e'),
	 ('be71cc17-7b9a-4d78-b13a-e9a61714853b','edettmar7z@a8.net','$2a$06$CJbeHtbTmDcSQDAoHmWfVeDR4wPPczptMkvCXKtA5DyqV6pAwUdlW'),
	 ('5752645b-b8af-48dc-b4a5-a2486e123fac','lhallowes80@digg.com','$2a$06$HNT2hpnx2KabOPN1.VctXueTT/oOc8ARCYjlIkfbfdnycx3Nv9yfy'),
	 ('0defb3d6-6473-4e72-a397-bf9c4e8457e3','anutkin81@nsw.gov.au','$2a$06$SpKdOtt.qUlag9btW6jJluo2tyhxqpe6s6fJFr6ENgY3ZUr98jQTq');
INSERT INTO public.users (id,email,"password") VALUES
	 ('928b5591-28b2-4046-bd72-ee33c7663408','hkeasley82@sina.com.cn','$2a$06$51G9E7p5Rg3PSW/oHEU/J.NnKfXWv7X5SPXFai7OqASVJY6mvw4Qa'),
	 ('e686fe44-d713-4f81-b2cd-9c3ab7f45d50','sgegay83@oracle.com','$2a$06$gcw4.LYAtbMDIPOWmaurq.bERLNDlGPcVKJVa4aR3SQkvuDWBWcty'),
	 ('3ca040d0-a987-48d1-bfde-6957453210a0','rtreadgall84@networksolutions.com','$2a$06$wWeT50lQRk05en0hKJMk4.23co3mn.ZOImkkKVzF0fk2U5aQ8ag/y'),
	 ('d33c6c35-ffc0-4a45-b75f-2e6cc40a9a91','rballintime85@engadget.com','$2a$06$yQz2zdOHXST8ldwxqKTJJ.WE6RUF989uDJhsMVGpNDhnHiT906G3y'),
	 ('e2cb15fc-d547-4dd1-947e-7a6d50230b75','csawle86@friendfeed.com','$2a$06$1Pnxd9EVyeiNTVKzYHPmf.mApH4u6FO3T7T5L7NdNMYiIuQjHU57S'),
	 ('8eb7493b-7ab6-4492-82ed-f73cb1df5399','apiet87@wiley.com','$2a$06$GQ9BRfEpgUS3t1Jx/blyKuvvhtfjIySwd7FSUo3THGmtOkIdMhfXy'),
	 ('4c9cbfc7-1dae-415d-86eb-ee92f0973c1e','rklewer88@berkeley.edu','$2a$06$7dxxc4LSankwEpzggS00IuGutp4wBEgO4tOIvkYidU8.wv83sSQCu'),
	 ('da643542-befc-4a36-be4c-4fa72925f8af','kboast89@earthlink.net','$2a$06$d9sHQLaf645kkqWvyIJuQ.Z2eoZE/VKuUiTX2NeaEAcVCQX5w9Qcu'),
	 ('819ca559-8272-4958-a26d-c5e1540499a7','dkob8a@barnesandnoble.com','$2a$06$3G46JMYJwMoGtYaFdA793OG77UxncJsejQ/5UqicbRljgCMeFcB2y'),
	 ('a5ee9897-9ed9-41bc-865e-dfe0f52ac460','gmatokhnin8b@1und1.de','$2a$06$W/INEPTqD16yBrD4WJ2wGuMCWmcbs8iEjCm3sPf6EewscuKYVVnXO');
INSERT INTO public.users (id,email,"password") VALUES
	 ('d6b768de-63c3-48c0-94ba-952f638b0dd6','rvinas8c@mlb.com','$2a$06$f3WDRjgY..QFJ.dVhtNmAuW8ZkRrjltUAeIuUSbAPR6Thgm1HmW5O'),
	 ('33bf29f6-49e8-47d5-9fb7-5fd1ce40dbd5','peltone8d@webs.com','$2a$06$J3zQu/qvqDU5I5vtjJ657OzD3ffPVoMlKJKV0akQdHhCOCswDmX.m'),
	 ('f6cbd9e8-2034-4e8f-a772-4a3bedf73556','cvigar8e@unc.edu','$2a$06$/SuBtQr9uKhrPEjOLowZOeZk2R2x7CBP5aNzuBRKRD4yxkuu7zsxq'),
	 ('c219a0e2-3fa1-4a8b-a84d-71f68d326aa9','wmayoral8f@paginegialle.it','$2a$06$IriOfR0VPVk/orELgE/zOOgKSO1fYQWCjHDh.LLGsXAOMvZeOdJjW'),
	 ('07cbb96c-9fff-4854-bf7c-202f65034ad2','rcicchelli8g@psu.edu','$2a$06$NhHlXRr2ZvDLxnIvP0cLhOIkFG.ksSnk1MRmlzFbyxeEuoCnq8nfu'),
	 ('f41c7ab3-1902-466f-9eb2-5afa8d09acc8','egaylor8h@com.com','$2a$06$CdpVPzhjTA7c2Hw9/1gUYOBNU3vcQuhoktkRxQfI7fdBfZVjD/ZY6'),
	 ('fd1612ad-c20f-457e-a31b-8db995173fb3','dhallatt8i@dropbox.com','$2a$06$L2hIsxNPTg7Ue8zobxi/F.kcCnXTanSBHEc.J0.BRxmazyi819dzC'),
	 ('a1836ed6-2711-4a8c-80be-6a545fbbf198','sjakovijevic8j@quantcast.com','$2a$06$nJNBwn7JQx6nmdG7nLjTxueMLT9XF/0li4ey.v/e3fhTTYGjz8xNm'),
	 ('70177776-45e4-44b8-9fbf-4cb52831b2b9','lburford8k@parallels.com','$2a$06$Pal0zVVQu9NAQTrSqbDhWODnWouOtzJ5rNPAdFjfs5w8i6ZVjt93u'),
	 ('cf617304-feef-4f9f-96d7-748a81cbb715','ckisby8l@irs.gov','$2a$06$B..ZVLZDZwwtYaZNkMBnzOztSF12F2qHc.BUcPqFUEKl/AL8Lqv.q');
INSERT INTO public.users (id,email,"password") VALUES
	 ('48c3b181-6038-4200-bd19-7aee3e67c36b','hbethell8m@discovery.com','$2a$06$RIZzrEtyLo2BnDxDmTq6P.Ku0NUOqRY/6LrinXiz7f5sRjdjUMciO'),
	 ('f45f38ca-0271-4c98-aed1-40aa506fbe99','awellbeloved8n@ustream.tv','$2a$06$5cRvQABQqNncDDEqGocJJOSn5WFdhVBh3UMSeSszyyjhEEsfwgVwO'),
	 ('f93cfbad-d713-457e-be53-47d171234688','kgreenwood8o@wired.com','$2a$06$eF/aSYLiHYYFLCXT.ST24eGupEYyTzUSAwWuc0U9r3WyV5xrch2bm'),
	 ('d92f4e79-1432-4307-99c4-0ec02391e4bd','mpeegrem8p@typepad.com','$2a$06$7558tGy78SZ.B/el5PU9Du2vJee1UIN0RpfVXsM9nvdJkuAAT.Uh.'),
	 ('fad21c67-d2e9-4349-ad48-d14ee1a38bb3','ncluderay8q@chron.com','$2a$06$fqfzpKlu0maBAZoh5CQdl.LMHoHBtUMza4qh/l0WwN.qOeMlqRsEW'),
	 ('e5a6a074-3d16-489f-8ac2-1eb168b40be3','aloffhead8r@cam.ac.uk','$2a$06$x1nufijfhFMhXOWWFE1OQe4kE5lP/aUGrFgKoeanmML26Tp2RAT5i'),
	 ('464c5eab-5706-49c3-8a8b-f58b08055623','kcorkett8s@phpbb.com','$2a$06$reDH/jgkpqoZtyH0ncaM9Od1WqSxBeJ0UPYZPIHIywP48NoKxccES'),
	 ('8d340224-28fa-42c4-88ee-d2fd103ff2db','mcline8t@lycos.com','$2a$06$1YecIUxHi4NJ2unXTkufJOS.iVCqOmLtCecZDItsEL2QsnF4FETWC'),
	 ('0f6007ff-61a0-4b86-93d4-0ecf6aa95395','gbesset8u@imdb.com','$2a$06$Rpn08ntMrno4quvinY1AG.SgS60O490ZvePDZPMLCYhUU7z.rDJtu'),
	 ('e8826249-45b3-47af-bbd3-c6bd7c491791','gkinrade8v@shop-pro.jp','$2a$06$S7t483LgOEG8ml8punsWB.rYjdxXWxOqW.9ZjNKI18yAX4OCGwqHq');
INSERT INTO public.users (id,email,"password") VALUES
	 ('23456f7a-ed68-42cb-9541-c96859ab2dff','wmcfee8w@sbwire.com','$2a$06$I286hdu9gr2Qu6ih4FkkY.13SO4xOIeWFGV/gn9QfqqTGM2uSeRWS'),
	 ('3830bdd5-d876-4925-810e-ee89909ee9d0','jportam8x@unesco.org','$2a$06$IchpF7.63zjd3wbwRPWuw.8PV7e3t2SrzxBnvod6t8ctgyXoJob8O'),
	 ('073d331c-72ed-4556-9b5c-81d8942340a0','fokeefe8y@amazonaws.com','$2a$06$XcjEDjtRXF/Au9ZG9G862OIZdIBqOQI3Q4AI9CtrnBtntGhzfbiNq'),
	 ('60f8de14-179f-4ed9-be85-fa27fe30dd32','mpoltone8z@bloglines.com','$2a$06$1A1CUvtVGTbH4xpg2Zbqxe0rPBNbmkhLbUjOfhYUQpV72zcuU1gTm'),
	 ('c0e15b08-366c-400f-8a51-a5519c5372e9','toggers90@miitbeian.gov.cn','$2a$06$qIc5pLHuCJDQKzUpIKHiNeEAsWBxBOdPkiQ8YqAG2rLqN/DegAdBa'),
	 ('870852e2-a17f-4b84-8383-9f2e646c8d0b','skenvin91@hhs.gov','$2a$06$MDMSXHenVSQHmAEjh4bDNeWUaWQHyzkwAtT5wXAIJyZJi4VTb9VEe'),
	 ('b2db3f4a-da49-422b-b15e-1dc296679dd3','cmccollum92@sun.com','$2a$06$fJ7HYPyu4jKkIYDvjXD6nOOzvu9iMvEOsk09C61/gOREOcoKcUOh6'),
	 ('fa66e809-c5cc-4e4e-b830-ebed670df0e7','eellph93@businessweek.com','$2a$06$aleHdbOM.dZDndc7sOq6EuogfkQs8nl8eY78Lx4.Xzb6axBeFWDrq'),
	 ('09f13738-2038-447a-bc07-4827c8bfac07','cmcinally94@google.nl','$2a$06$yD4uSJj68G0I3Rvb/WfZt.ENw20uzZ0xJWGAQQzZlZL3MPBNg3hsi'),
	 ('001c2094-2e3e-44b8-9280-348fe83b0b31','fmansour95@europa.eu','$2a$06$eHgm5Djc3SgcO8MM493ROeGnUB5nD.62dNA.3TadiyzICanwcb9By');
INSERT INTO public.users (id,email,"password") VALUES
	 ('5fe77d67-3322-4f74-ae38-783fb91b6a47','skeenlayside96@wordpress.org','$2a$06$udZ9TBy7XX31BcmYRW8LW.SKlZsmfbuQNmsjb2lKiVNKF5CmZxa3u'),
	 ('dea53267-aad5-442f-b5bd-475cc06fc1cd','vtaggerty97@who.int','$2a$06$Z2fShaDwz7UIVohi6c8NjeMPwEmrm8hwQGwrYbhb.Lb9RA3Z3q4UG'),
	 ('afa00045-b89a-47b4-9af2-f292050c216c','bcolleck98@wikispaces.com','$2a$06$vDYWQtCTJPIxJmH1TSnl0OQ8w6385ieQcLDOKe5LgfCZHenoUoOTK'),
	 ('3ffe5965-dec5-44ac-aed6-fea3fb49a9e5','sdando99@dmoz.org','$2a$06$oSPAokpZbBmj..BnCdCo6Og935QALsfTF579nPfy3OECpZkBPZneu'),
	 ('3313b37a-0579-4e15-9c1a-6efdb6cc9b7a','aaddionizio9a@sourceforge.net','$2a$06$YaOk3fl77kPwCbt8dijiBucAhAjExOtgUbgs1jYeBW3ZZaCxBmMJy'),
	 ('74fe5a33-9e31-43de-811c-2ef653feb28a','mtansly9b@netscape.com','$2a$06$wqCrElOroKXxbEoqgSwdreoKGlOOyC1lSaSgfWDhYhBsDDo4pTnC.'),
	 ('daf7070f-25db-4f3b-8eda-715b09ea744e','aglencrosche9c@diigo.com','$2a$06$Dp1tegkpOJQAfHx.9iAmh.3nSxbHfv535RF9XvEcb5Gp9GqLiIQZW'),
	 ('9d20a9a5-072d-4bd4-8a4b-193e9eead748','cfahrenbacher9d@msn.com','$2a$06$6XbWz91TUyQRdl3fWl9P3OV7t.qyjnr483Ko9.sQqoTWYhZR4E9ru'),
	 ('ccaa29dd-9e1f-4237-bb32-8d07b8a68794','lcoldman9e@tamu.edu','$2a$06$DcLxLA2TNJAi1VMGf9VCWeVhPAniR6glaTryfgJmvy1ahIrl/Wov.'),
	 ('3b2b1b09-6b29-407d-b614-41f030f7dd16','hbeane9f@nationalgeographic.com','$2a$06$t/xsuWi0n4syHqYFZ5XIpOI/gbWYs7PUk/O/fYjiY9kWo0jt9ssuu');
INSERT INTO public.users (id,email,"password") VALUES
	 ('a084c891-b218-4bf2-9a1f-791626a57901','lweinham9g@163.com','$2a$06$nSWeXEAluMAwo08MLzFgGOjwfeUCNd89uCpD8x2WbLr73mNnIQeHW'),
	 ('fb9d4704-b204-4219-9909-ea3220ae9c8e','nschoenrock9h@tripod.com','$2a$06$g.ipYpabic4Q1WZtt0orOuK1ZPD1or/EWeAVqr3A.2PWtAaHJj0OS'),
	 ('bf9e7440-6bcd-43c1-bd6b-7404a974d074','ptapsfield9i@msn.com','$2a$06$VbrXTEtvrBK2yvAPFDRFFOCQBP3D71in6PGKa.HVQ7bmhcDALjDYO'),
	 ('89607917-7664-47d9-89cb-1d246b7c5f0e','cmaddox9j@sourceforge.net','$2a$06$uv5YvMR..Vs6cqR739nsQuRkIyH8/kWYzms9NjpoH5p4g/7wYVSkq'),
	 ('b64d96f5-9075-463d-b292-cac11b5d26a4','fmccorley9k@etsy.com','$2a$06$2aQjBV1FKmaCytaLofm9XORhtwCMo.RoCiI7jqPTC7k8aqRmUxhUG'),
	 ('c051bc85-c487-44ab-bc58-d275c6000574','bsaurin9l@soup.io','$2a$06$B7XiKFFrPgTjCO3PzZ3j6ORLkY6hJOpmPH4zo0K6XanrGd8Nar/7i'),
	 ('b49a8279-5413-4de5-ba29-dabe484fc82f','cbaise9m@baidu.com','$2a$06$6NE53MZhuQPBeGu6IEpIxuZvMVwfU1Gab.w5V4YWxGC5AQWLBCnje'),
	 ('0a1e0c21-20e1-4ad8-b081-3a18719c010f','mtassell9n@bizjournals.com','$2a$06$rLFCldxahFOcO79DRuIS6uzsT0xaGwaW3LvSwG27vfgXr/hv19QBC'),
	 ('095e0c7d-cbc6-4bd0-abb4-012c62d33642','pstanislaw9o@flavors.me','$2a$06$XLcsCQ5HRr1hlWoJp5FZUuCnjfOj4aqTAG6qKg6cth5oXHGu9ZiEe'),
	 ('f6ff7635-b9fd-4218-ba8f-6d4923b021ad','gmaccart9p@tuttocitta.it','$2a$06$MMqqquil2rMrOZiFJGfGm.Ce8ZhRHxKPVGPGf4/r3VIgv69Wo19Z.');
INSERT INTO public.users (id,email,"password") VALUES
	 ('56d4afde-31c2-4fec-a2c1-5231cf16f919','hsheer9q@imageshack.us','$2a$06$TucUME89ppJ0inxDtipIFOSsDB5wacivvBNmQU6sLB.1Yt22L0upy'),
	 ('862c8a8b-75de-4639-9c5f-80ecd263b98d','bcolgrave9r@economist.com','$2a$06$A6VMn1TIocU7vbKx0W/w.euVWOppqeI2tFs3mXCrCwgs7v/L2DZl.'),
	 ('0ede11d0-8ced-4948-bce1-e2203b9bd749','ekleynermans9s@spiegel.de','$2a$06$pvTc4QP67NHHsAEjCSCpvugUrppClGKKuA7ImyW33/SyivhP9mm/m'),
	 ('be268390-a52d-4003-852b-d08ae080f8a0','ptrime9t@unc.edu','$2a$06$EEbLsWtqUeTlVsywE2bH9.q19VsFWOrqB7/vCV5cDUn3uVWtxEDJy'),
	 ('5d062926-52d1-4757-8031-eb5e2cd2fb25','rfleis9u@hao123.com','$2a$06$qslL8iLc/NoOuWvD6RP1VO8AHHZHWEFOIfOx/4LgckwKcnxDzX0vW'),
	 ('99bf3856-4f45-44a9-8fc1-9703e5e1fa59','scloake9v@uiuc.edu','$2a$06$Pb9nqBjQlylTI18cFZ1K9eOzZVrH8dL4D48mL2TOr5UY7uh7gNbqO'),
	 ('ef31d6e5-f718-48d1-b551-a5f35f992975','sbeaven9w@hud.gov','$2a$06$wEvRNTszUz6U40p7LSGAneta3DILy3xHOo0cQ85.Q0liy1uBxhiFC'),
	 ('7feb4060-ea71-4649-a362-288ac2ebb200','khaston9x@paypal.com','$2a$06$F6L2gWrNm4oks7nM34CTOebLpmnRQ16qt5VLIMdVwTgx3oA7E1aeO'),
	 ('d1636c3f-e13c-430f-97be-f6bd0674988b','gisgate9y@devhub.com','$2a$06$tL90TWRaf2FB73282d3NVeEhy9CijxpU0gzAFKf.TaTSRH5GGlZzG'),
	 ('c1f08b95-fb2c-4a9e-9997-b29aeb603f13','isidary9z@springer.com','$2a$06$Y9rm7lxp38miYnXvNKt7vOPNmP3rqxlhO5G.gGhLOR4S58a.pMzDK');
INSERT INTO public.users (id,email,"password") VALUES
	 ('8ddc498a-2c10-4d8b-a53d-a4831b3646f9','rdomnineya0@bandcamp.com','$2a$06$PLGnLKIwJ/wipVnsjmUsxeYB5iq/O9wASaDYAXgW2VU00a2Tb3DIG'),
	 ('319b7945-be80-48a2-b51a-b1ee656bd317','rduggena1@hatena.ne.jp','$2a$06$aGvPVyTAyRamfGmID0ofU.xAnmg5p/MPoMs5kZaWUaSAlIG0d45CW'),
	 ('1ef98769-06e0-447e-bdab-e82cc6b3f13d','canfreya2@marketwatch.com','$2a$06$fdtFjRX5TWwKvnhvrLWCg.wSMp.BQX8yf55OSw6jiAjRYBQFIeRyC'),
	 ('74da3cf8-17d6-49cf-9da1-5cc1011f1cfb','wcolbridgea3@smugmug.com','$2a$06$0pfInGCRPc50IOriBt7fTOjO714FUYQjBQM/iGGQWTM/d3RnKc2cu'),
	 ('13e8e8c5-3855-4d6a-917c-07921db98f5f','awestcara4@sohu.com','$2a$06$e1UygfkJ.ctn1IipvXXxc.xtCaUJ/obZoVXyDGUOO2eTX2LfrJtzu'),
	 ('ce68dabb-6d46-460d-b4e2-cb1b9416646d','mcolbecka5@nhs.uk','$2a$06$b0eDoyg.z.YHIVfi0tt9D.lqy1n1BsFD1Uk.AwyPSkVzUUwNwFZg.'),
	 ('53354055-f604-4242-a5d2-82536cb01bf3','rreuthera6@chicagotribune.com','$2a$06$h.mMjhHC6iFcTIR2bDWHhOz5KfGBQr9FSUyUnFbZxN/bKNoVBpa5u'),
	 ('c9599a82-c236-44e2-9d13-14eb13dfd14e','ckeenea7@fc2.com','$2a$06$dDDcJPuPeac5vIfakPtT7uz1qGIEkbZD2A1Ra0VZ4yDukZLrGAHUu'),
	 ('1b29d1a3-c5f7-4511-81ca-112f796bd7b2','nheathfielda8@umich.edu','$2a$06$ToLeTvcMEHH6heKdbjqakOrxe7j2aoX89cpswLdIVk7hZZpQnCYGG'),
	 ('d3dee038-5443-491f-97db-c4d28f7e13b7','ffountaina9@t.co','$2a$06$DKi/bSUOAHhes7Uqcki1t.fM6KILyqAhOaX9JARTAEQ2SOLdivBay');
INSERT INTO public.users (id,email,"password") VALUES
	 ('6ca71ff2-ce40-40cf-a3c4-b8d1716763dd','ctrautaa@twitpic.com','$2a$06$v.gsb0hzi26jB27edIe0Yu0t6Ccn.KHTkN4bLLUHegwxmNZ/dbXUm'),
	 ('0888c47b-c8c1-4534-9a2f-9c692dc5cdaa','mmcquillanab@tuttocitta.it','$2a$06$7LQ2d1SKoyqZR3CRuoxfwuxwmozU6sbRO849iuTa2tozgsyZwwZxW'),
	 ('24555726-2471-4a4b-af74-47615c8c7600','atyneac@xrea.com','$2a$06$U14fASO0XwormCmxiSFveu48ypenAK1KspFEew8wIoqL2MxA40MHi'),
	 ('a748fd5e-2a55-4232-bc52-afde1dee6787','sbartoschad@accuweather.com','$2a$06$Gnrp3cusqDeCzZ45JA9eL.dkeUVsfMNAXxWhcemUg6EmT4/iAfBLa'),
	 ('5a49b98c-9c5a-477e-bb68-bac7a9a7aae4','cosheaae@netscape.com','$2a$06$esx3jxyoWM3Yiu3sjgEbyu69iOfIchF5fUrbBhfvml07qbTMNhtLy'),
	 ('dc126f40-10aa-4be3-8566-c22e6ee8186e','ithysaf@vkontakte.ru','$2a$06$hOkSK0FREwQeiViTei/Gqus3Zkr754BrP1G0M8CqQO7Duh1dgacyC'),
	 ('1709f386-a22e-4ea3-ad16-81a9611c82b6','aboggonag@geocities.com','$2a$06$999rzRKzcMONUzm3U/SY4ORQdx7bEw3OOAVFwp0VOkHBNIpQ549t2'),
	 ('78326c67-a010-4bd2-ba34-26326f576097','gdabneyah@canalblog.com','$2a$06$xQlrNqSUOY3fkc5AB2c.W.KQGNuN6teheoE2tg/2cKu63bDba8Ia6'),
	 ('4cc759d6-a57a-47c2-8d2a-3eddcc41ae01','cloneyai@newsvine.com','$2a$06$VHopybl8v7UrRs60s7D9M./OuN1u/.5DLXkFMUKi7D/K9Whq7rsJy'),
	 ('e0f6437c-db6c-4856-9c46-392ffa85d761','cbundeyaj@people.com.cn','$2a$06$8skAlrOaoiIGoUFo7C8w0ucsncYT4z/UIToHVmEkvhWKsxBYqjiyS');
INSERT INTO public.users (id,email,"password") VALUES
	 ('998a8bc5-7d16-4bfc-879f-9901dac89919','ubutsonak@angelfire.com','$2a$06$GmvcR.Ce5NG0fpyq.C6zq.tUY/hoeh.eOp5j1fWa1YWM6zdVwDIBe'),
	 ('be50bd13-235b-4342-937d-399844a824a0','cvickeral@tuttocitta.it','$2a$06$n0mv4/argb07x2hsFqbKlObIhzMzFzH/A0M4u1BVMCnrLZbc..l5u'),
	 ('fb95d605-e7f5-4552-919f-53599b2d0cab','scoppenhallam@mapquest.com','$2a$06$tKiVe1uVt6TGs5rXuDlwLur3iGrlp.0dG2kr5dpPTv7r.L4aLbygC'),
	 ('e72c6a67-32c9-4ae2-9a1c-a77354b37bd5','shartburnan@cdbaby.com','$2a$06$g3JjqtxgolLQ8.TmAj12w.4B7cpRM.hfrHWhjeEyekDpddjZjwY/i'),
	 ('8e953994-5e9c-4269-802b-adbefe49ce68','vdroghanao@yale.edu','$2a$06$VGvFlRnpTM79zXc9G3e0fuq7mLNDJexrikxbFYjkL50ESfhFdUEOq'),
	 ('1b1cd4b4-a12e-405c-b9a6-836718d289cd','snormandap@deliciousdays.com','$2a$06$YkJQBqUrzCj5pshuuOGfseRLFTE3L27IZ68ht6jKFMkmd5LBJ9uDK'),
	 ('3f2a5394-f264-4988-a709-b6006abc6358','mbaneaq@accuweather.com','$2a$06$xbLEIisu3/r5dnNCn7DMlu61tWZXW.JkKromUHOy0UPlGmNeVxo4G'),
	 ('c20fab9a-7422-41e2-9fc7-533e3447ea29','rstorksar@usgs.gov','$2a$06$T6irI5hOml.kTAeP8k8CXOti/8hsGJw6aPNSvqx/npt02sRo.buWe'),
	 ('aa4230a4-6389-46aa-9f74-d4f4ff930242','rbunnas@google.co.jp','$2a$06$LooIYa/4KGZRQ/AcWl40cecUSByQewWottKLz1DB3uHnV0rsQc74y'),
	 ('6cdcb5a5-7384-4244-bd36-f2b63dabbb55','cgrimbaldestonat@drupal.org','$2a$06$mG60.9fvIuCm5kRcYqkVTus7ZJBJOkPffdGUMZGKlR06rffdBxz2G');
INSERT INTO public.users (id,email,"password") VALUES
	 ('c13dce03-6b13-4745-bc4f-069b9aea94f8','odumelowau@4shared.com','$2a$06$yUWX/XVRXoRFw948wKVJdeNSxgPSUAnYdaUBA6YR6P6taLjijWbdK'),
	 ('965e5f6f-082e-43ea-bbdf-65cad858a1bc','rdunyav@mac.com','$2a$06$KjaLscaOmL42EI02D88b6eBP.saktTzAcxFJ9HpXxTs74lxvtfbx6'),
	 ('e4424a2a-a705-4155-bec7-d6981f7ead77','jkarlqvistaw@hp.com','$2a$06$BjqM8RppOzh6tTecfXBylepML8Yy.lo7MuLvznRQpRsHLFb7ISbyW'),
	 ('97bbc410-a5b6-4015-871c-6fe9410e05cd','jmazdonax@addtoany.com','$2a$06$CTFu5uG0rzmHRd3AXqAW9Omv9.IgX2wlN2uKG7s114Q0Jn.1OZoDG'),
	 ('18d765d1-d770-4d3e-b6cc-9f6f517d7790','lledwithay@wired.com','$2a$06$aXF.muYVnE5.W..TEJUVueIqcfqBPriMe8K1uLleyqmYy/9ZNnI/O'),
	 ('9c9ee5a8-dbd4-4d81-8bdf-aeb89c3ecd31','rinskoaz@g.co','$2a$06$vL4duifV.5EKDchUxJj83.ea3gcTIxlZq5Kl2FxJ2Fqoy0pxS.WcS'),
	 ('d946303b-128e-40e1-b764-21ba00c3004d','chowbrookb0@google.fr','$2a$06$buhYwHQX3YCPNo4D/aNRKeRU0BvHe2llqm6WbTjf6OH9C83mODs6y'),
	 ('2a15215e-34f7-4aa8-b158-0ec41c33261e','rtortb1@newyorker.com','$2a$06$wXBJDnuLVlrh8PaTBL/.LOVgaJ9sBn0VJzzs5sNqakusl58zcSjTK'),
	 ('9f6369bc-2fff-4b03-ad43-5b9f4b6b46cf','dharteganb2@jugem.jp','$2a$06$VxqSPiPC/4boBoiPKahok.k8UFnR6NQ9IMGDZBc4LKYMrkDyLReeS'),
	 ('f8d93fbf-0b4e-43ab-a819-a8e40ad05f7f','ddomekb3@creativecommons.org','$2a$06$0NpwBqbpWuuOSIO1oNYTQO0Sxbl.IERzMZxGwLmbj9rELt0rFixGy');
INSERT INTO public.users (id,email,"password") VALUES
	 ('d727cfba-68e6-43c2-a83b-30f16996559a','zkonigb4@census.gov','$2a$06$FELCtHc6vzGwgdIpj2bN6OiTjWQgNPHTwbqrkh9JZsfevPq3EZd5C'),
	 ('e7b06ace-b0ef-43d1-9dfe-3767450861ba','sglasonb5@issuu.com','$2a$06$Mj3XorFW/DqqjMMplKuQaO8o5fmGGd4QCmK4zkUQ1.fm9wOfiISDS'),
	 ('a01c505f-4267-4014-8f41-1e262d9c09fe','brizzillob6@usnews.com','$2a$06$SUtfJr2cAIRLmH/uuIoJYeQ8w8phsWAPVv2wg0kC24g8hpd3964uG'),
	 ('53464917-53f6-4fd8-8f7f-e31e99b15ae7','ntraversb7@walmart.com','$2a$06$VJsPTa9BruFsM5hORRz9ROQvFoqHTkYmitKekGtXP0T48werN6CaC'),
	 ('f612d907-6ecd-4483-bdd2-bac64cfd2146','ifrankishb8@usnews.com','$2a$06$tgk8xZ9PyFz/./J/1NMU/OkhAg4Rec7XpK8vCoViGF6OK2TOdWwqO'),
	 ('df27f51e-b9a0-46e0-970f-8a188810b231','mewartb9@npr.org','$2a$06$HbakKL06eyZJxJn5xL81eOrXUPE05DISLLgvVPq08f4n8pJCIuQ06'),
	 ('9e5dea75-26f7-4fdb-9414-dc24a5c07b44','mnisardba@dailymotion.com','$2a$06$5IZcnPH7wU5bk/wMeDjqDOd7sTDSbivk/SjRQ.mA84JyCfgLBJ7UK'),
	 ('8a119a8b-4b94-48b8-8f8f-3bf3c4eedee7','kpossekbb@blogs.com','$2a$06$mLRhnLLby50dCE7tiITafevISde01Xt9fc/g0zGeBwpFsfAcWRyMe'),
	 ('16c21819-fa2e-4eb5-a074-30d9411122e6','hbachelorbc@pbs.org','$2a$06$eHMx8.3r1FKzvBPbSWHrq.vJ1sREi26M3PBdL2/Sywv3981I135hO'),
	 ('92ad064c-0179-48e1-bfe5-9c76d28500eb','cyewenbd@printfriendly.com','$2a$06$0qNj4h4uODSbPeEQIhpxSuYvRbnH4d2ltU23/FAtFNx8FmFq6jUAy');
INSERT INTO public.users (id,email,"password") VALUES
	 ('0cba1a6a-5a70-4349-9c29-52379da874c6','mgrzeszczykbe@usa.gov','$2a$06$YKQOI85k9Tf7f961iVD/se6PS0iigGtXeNHMpYuhkYpZNqxMPeuK.'),
	 ('65f678cc-88f2-445b-9359-d5bc7d146d22','cheakebf@admin.ch','$2a$06$UQUAx5Qt8l5MTC9FX5Xn7ufx8V7/tlyb/v6e/aVesX1FkUOkR9g1i'),
	 ('6fca3921-daf8-41e4-a658-8592c2647189','jcicchillobg@scribd.com','$2a$06$rbwAJyMxzupUnK/2BQrvquKy9L1Fev/IDes2zRsxGY4Wj.uZ6B0Fy'),
	 ('2bad212e-1c66-4dd6-a5c6-bde173acf70b','lklessebh@csmonitor.com','$2a$06$FsWWiCGeId5EDpRoWecESecF7ONpw.SzQ9fM9v7wH7N6PnXS6snBm'),
	 ('0dd5a93d-9dd9-4652-b552-064096e62454','evandalebi@sogou.com','$2a$06$W2D3c2jtYU6MXnI8pWvLVOrt0kzVJkMParFAuuo5bVpoy1k5IySsO'),
	 ('581d2ca7-4432-4c38-84ed-069519c913ab','nbruffellbj@behance.net','$2a$06$Ylg5eswdYQ57yFMKqqRwf.c/iiSWmr/9CB.qxAS5oqgcN/11T7XaG'),
	 ('f0088be8-2b4b-4fe6-8b1a-fa07a3ba55af','jjanssenbk@myspace.com','$2a$06$5Wzlta5c/GF.F0Zc6J2NbODG6i/MuGra0GYiXl6XpnEMJIpjAYT3S'),
	 ('7eb2bb6c-c52e-432b-8b60-c0bb9ff36ba0','esheringhambl@abc.net.au','$2a$06$l8qIFeCyiRC1Aw4njmoQdOzgEcw.tsOFXtLZp6UL1vkH5APzz9BvW'),
	 ('7cfce979-5360-4a8a-8d2e-9a80a486830a','lmasserbm@posterous.com','$2a$06$Ysr/d5ANj5/tNiMWbjRCCOvCMInPId5fht2m3xe1mJMNrxpKkBi9e'),
	 ('78a34707-db15-4331-97bb-e2f3f12f3fda','ngisburnebn@elpais.com','$2a$06$M2EJlf5YnZpRHk5cmMmQDOF.WWD2sGrZZQXv1cs6uPsB0TEiP66OO');
INSERT INTO public.users (id,email,"password") VALUES
	 ('eb63ca7e-ad62-4f0b-b9bc-2e1bca13f08b','lbeddonbo@zdnet.com','$2a$06$Kojk5Z5eoDytA4pktOPHKuHmoBR0i7QRU4HLMLJiYsI5KBb3vBeMK'),
	 ('5212be45-c341-4319-8d8f-2496bd59a963','jstrikebp@bluehost.com','$2a$06$Qt3bmCdEB2LMiNE8jlRl1umgB/bLf877eDBputpkDZGx5bE4yAhCW'),
	 ('09e0ff6d-a6a5-44b5-a00d-50136ed8df03','ljosephoffbq@arstechnica.com','$2a$06$WH7NhyaZ/K9R8Zt1Rbn.wujAlJFFIexPufizAHZITbWyr1zMUJBLO'),
	 ('05a27ecf-9bb5-4259-ac07-b5e05c710cd9','hcollickbr@gmpg.org','$2a$06$WckHiTDCMKmZl9ISJIqNb.b/HXb4OoD84btFVYngQrMz6z0KsqLSa'),
	 ('ed87310d-6dcd-4301-a96d-73d99ca9986a','ustreatfeildbs@mapquest.com','$2a$06$egbzQZCPJpFVVbkYEhLG2uvnxCKhGEQf1YkUyBPlRiZFUuK85QC.2'),
	 ('bed22372-fdbc-48d6-962c-7d66e5b20d90','chancockbt@kickstarter.com','$2a$06$vJ/BmOzMNvFNONljK6weV.F.UGxGowhLxESzKpsAzCdFq0vDyr0Yq'),
	 ('085738a2-5834-452d-9515-6006e9422eb5','blangstonebu@t-online.de','$2a$06$bpXWfE9favoMQfibwoCqA.aVt3780zofGvKuUbuNaTMNOsKtHaYH2'),
	 ('76154103-9276-47eb-a034-945e74ee72dc','bbartholomausbv@privacy.gov.au','$2a$06$cW8hu7IL13ZXJQ8hmsnn2eruTlDZpRV8dWUj8uC54rC8Sjdg8G7Lu'),
	 ('7a483407-e77e-4319-a183-4fb3e68b6a98','agoleybw@wunderground.com','$2a$06$0oqQhs9nBKz0GNK/7vcjQ.IaZFsygCTuGLFwF73/M3PItumfgmUeu'),
	 ('6a1c55e9-12af-434f-8783-bdd1d4033105','jsootsbx@ucoz.com','$2a$06$68xKLUVR79Pr1aSElttckewwy3h5DnNTKwqF.DnAOmJuqp/oZJhy2');
INSERT INTO public.users (id,email,"password") VALUES
	 ('cc8a83ec-12cc-4678-9286-cd1f7627a8be','vclarkeby@about.me','$2a$06$k7pHX7FIXNe78TX7EnTuh.1d/Wy3kxTSqeH60juOimW/WdFz0x2Dy'),
	 ('950c6f5b-62e2-4c34-8485-8990d72e59d5','jscarrbz@163.com','$2a$06$3ZdHrGzNN0K3b/7qxBGq6ub7bfMrJ5lgtapwOt4AMsrQqp..wd4oS'),
	 ('f4bc19f5-fd6c-4ec8-b4d0-be5983b1e01d','kkilsbydp@jiathis.com','$2a$06$TbZMijn2ttIui0WqX1LLWuFP2mt/Y.r5YZe8SCd1p0gOEQ5CwfOLa'),
	 ('66b081ba-e639-4fb3-84a8-b96c75c3db91','sgabitsc0@timesonline.co.uk','$2a$06$8rkBoBJDUKvxz/wzlP8oa.dP/j.7GRvWHRX.HiJx7s2KhHqPFfxJS'),
	 ('1082f441-5fc9-4a3e-b1f6-b653887fa2be','gradleyc1@springer.com','$2a$06$lKDFkbk6ZfNYD1d.oo6kyejmBTDy9YaEeoyBQjBHJhcRTgZ5riExO'),
	 ('6e78c888-e08d-4538-a881-8cbd29fe379d','jcurrerc2@unesco.org','$2a$06$DgXTZegJUBGKLEFmFroOGu4SW5fxpu2VBXRJpiXN5Jd5V1UAc5Mx.'),
	 ('058d50a6-4728-4b73-b3b3-662b9e792b74','pblondellec3@furl.net','$2a$06$jAc5AUNsYSkIC4KfjtmZYu1qAkZ9dhDTLl1Vu85nyWl7.tT0.wSra'),
	 ('ee088b98-ed91-4f66-8e4f-d4c2d9a7c436','cdightc4@jalbum.net','$2a$06$ZxYxA9PDcojaJ/7qJZdmI.NV8N5UxNNGz4FyDrXtBnK0YXKZ44AKW'),
	 ('42861ec0-b25b-45a3-93d2-e7d1c877895e','bjagielloc5@mlb.com','$2a$06$dppuqoBIe7CvdclqgmUDEOmr1YJT2EVm4mMEQ/VFsUvriE1l0MfR6'),
	 ('aca688d0-e1a9-4f03-967b-d81002bc7deb','qruckhardc6@whitehouse.gov','$2a$06$dPT0VhM/QEMKu/jGLbB65.IMsxA2FiAqTIE4mUr/BLy78nhF6H88q');
INSERT INTO public.users (id,email,"password") VALUES
	 ('986699f9-1273-4014-9977-d4c186ff3c9b','troundsc7@webnode.com','$2a$06$EiGA3l0ux1AklW10keovhuCSEx64GO9IxJIwqj29KoesI7GsKct4O'),
	 ('757878b0-db3c-4a63-9b1a-77481374306d','ascipseyc8@businessinsider.com','$2a$06$MNN.v5dZ1nnBQEMcmXw13uxiWMBApM4/kpSkJkX2VME8VKD1SMsTO'),
	 ('352c4d78-2817-4ec2-b366-fd2d0db5185b','dcrummyc9@springer.com','$2a$06$OM7pOXVrLtjZuERqUAJlmORn2gywT1FbAlx0239pmBdSWCGhKwIfS'),
	 ('228774e0-e524-45ca-88f0-262d5a0c3833','aduddingca@thetimes.co.uk','$2a$06$PEuDKmrWGLY3xXpwdfiB1.fZPqAgy/PPkz7XfMq7F1QBCbLrkj4SG'),
	 ('b6507e32-0101-4eeb-8206-8b276e8a62a3','slinbohmcb@sourceforge.net','$2a$06$DGB1Mo.K0GFHUOJVZ1CIzOLPf62SAW4hrfAllz0ysu/0n8cO4jPxe'),
	 ('4799c3d8-4daa-466c-99bc-c1b6dd2ee9ee','sandryszczakcc@kickstarter.com','$2a$06$HTbv4nB9v7rAKWH/WAUjTOVwpQyc8wd87H2TH88V3Paq2XvMQgwGu'),
	 ('17badff1-c9c9-473a-90db-21a08cb87aeb','dmoaklercd@wisc.edu','$2a$06$qDbxBPZdqgrRQ02GLOgQMOFiLrAFrMj0RaNKsUfOrLq2Mw.HNUH6G'),
	 ('aced8f4a-3212-439f-bf37-6e4b1edd18bf','lcometsonce@pagesperso-orange.fr','$2a$06$Ir8GdxZfb6sIYNldob8hrubRliFxWWrPeh5jyW82m8CnSbi3MUKc.'),
	 ('1895af5d-4723-45a6-b547-316d76fd69f5','csheecf@meetup.com','$2a$06$B92PR9gD2eNQVnT8OtWgqecqS5VkBulvBwQ3hQC/q7qvGgUc4bZOO'),
	 ('ad3d8644-6351-471c-aadd-cec4c3fce621','bdenidgecg@amazon.co.jp','$2a$06$JNSw3DXcNTwBUGA90j1xG.t4RryBV89P7R3Cc9NujetRveDXjj7.i');
INSERT INTO public.users (id,email,"password") VALUES
	 ('27ddb244-9d19-4ece-9108-c619bc757361','lfontech@desdev.cn','$2a$06$B.L/hTsgAPRLujUn2qRVkO1v/nUE0s8.SC5QJuSb6mn./wqdO7rRa'),
	 ('2f2e954e-76bc-4d54-8553-58b463dd13fa','mheckci@netvibes.com','$2a$06$.o469KNzJv1e18GB0AN64.u4SS43B1/QkNBNondPHqJ6lnDxzICCK'),
	 ('1f7baa37-31fe-4c3d-871f-38a9a44b6153','dhawlercj@si.edu','$2a$06$WSEoPdUd/nACyzJdZC0tLOOxFYphBscOkKRF/p5fednZsi5MyyqN6'),
	 ('ea17e18e-5e1b-47f3-b5b5-3042f36354ac','ebouldsck@networkadvertising.org','$2a$06$FmmY3jboH5lmVTY4xe3nu.hp8dpg/Rt9VyYfkqkOfRhN.ckSYKAv6'),
	 ('f5e943fe-515a-4307-9806-771fb5643d28','qchaffecl@ovh.net','$2a$06$cwtBGrINJbV6NdeRjtFM1.YK6oSv4fXJk2PF75xXFlXo9lAyvqUH.'),
	 ('02215a0f-a48e-4b2f-83fa-6289db9dac3f','jscullycm@berkeley.edu','$2a$06$EjhyHLCihB9DO5RANQ5il.36FHxPvtU0opWZAmRzeV2LCSpHLwchm'),
	 ('5ed9b0c2-9505-46f8-bf67-7207f80aa0e1','ikuschacn@washingtonpost.com','$2a$06$li2BzXlsasELz9DRrgtKoel/tGOB2.V4HWpUGjRko/KTR1RThSTsO'),
	 ('f5d0524a-34e9-44e7-ab11-e1548f66cfdf','dcrutchleyco@phoca.cz','$2a$06$dgmT2YBOeSVlG9OCQDYFo.zaNUE47j2b14O00mEY0lIqk5GuBm.Ty'),
	 ('a45d254c-a310-4fb1-84d7-3290f8334ea7','achiverstonecp@wunderground.com','$2a$06$VjndjAGLirPRZGK536y2CuUVmwrkVwQFLlxOTCRgQFiTWLmqGYeei'),
	 ('db5ba7a0-34c4-4c8e-8670-f3a03a565504','lpicklescq@fastcompany.com','$2a$06$CvR0WGHA1b6G/pomcS/L0O4Ia8v.V8quzZS.2rAz0KapvYRiiq1s.');
INSERT INTO public.users (id,email,"password") VALUES
	 ('35ecac84-2aa6-48c4-b90e-154f5b50cbe5','bkesoncr@squidoo.com','$2a$06$mecgd5YhsBjDbAGwYc6eN.KvJzoGl6eiP42Cl2cHmpHA/HwZB0JNu'),
	 ('23bbe10f-3824-4168-a96f-805ed74e0b1b','cgommeycs@google.it','$2a$06$0/pvAiUOZV1wjq60/gc2LOGxUx42n9Kw5.mG8FMvCkOkAqCm1qDdm'),
	 ('449bfbe4-f858-41b0-8b49-75f165ec7e0d','bbickertonct@t.co','$2a$06$xPd8H/6gGFWRjOx9NBXVFemOpuX3F/niyEsFF0i197gcbbtDUtemK'),
	 ('fd352ce3-4653-4029-b9d8-d984529b4388','cbozwardcu@arstechnica.com','$2a$06$VmAaOzU5FshEkVb0alZfQuilK4AeCHlv3jJrUi.YaIZEdHjC3LXC2'),
	 ('ab173d41-82e2-475d-b249-dabaa1cd8b67','dpeperellcv@weibo.com','$2a$06$H.s7Lk.fT4oa9Ag0SE15b.DnksdiDpEaDF6rFU/7GjVhH1QKf470G'),
	 ('a14e9c33-1a9b-4625-ac44-dad7f87d7aef','dgoudardcw@studiopress.com','$2a$06$xDbviNtEskbRU2HcyyQXpO/0GQv5fmFhHMIo7MHEdulLaPrlmYj9S'),
	 ('c8c85e69-89cf-4b7d-939b-704a3d3905a0','mblethyncx@cyberchimps.com','$2a$06$keAJHH6V0h99Lpb9TUPvieB1BzoJJKjR2jvfModqzEyeNwo1zn7j2'),
	 ('f4d9eec6-38a0-4f4d-b870-600a6482999e','rvischicy@symantec.com','$2a$06$PzoUxzhXue8qv0a8Mugv/.cvurTn6D55OEwLt1kd4wOvBR5sx7WgC'),
	 ('d0f27c68-bd75-4664-a537-c1e2ba64a55c','pgeistbeckcz@census.gov','$2a$06$AXZHzDT3ozrsGu6ViVQejO2pBRyCJiVmzducNJ0BTm.HweVUb4ZS6'),
	 ('5f8b40b3-3b1b-43bf-925e-65816aa03c89','cedesd0@who.int','$2a$06$1b9q.fOAjGKfUH1L4REO7eJhExsGuMQuP/OV4fWVXwEBqODeGhot6');
INSERT INTO public.users (id,email,"password") VALUES
	 ('08e402f1-c429-4072-b9dc-861737655fdd','plenoired1@imageshack.us','$2a$06$pj0wppu6mVLfXBxQ9HtWPuorOflu/t4GpmTGJd4kBKFzzMSBJDya.'),
	 ('72c3baa2-0fbb-43d9-a85d-b49826674729','cplomerd2@cargocollective.com','$2a$06$W7FsW3gRIpEscXx2WJ4uG.1lnVItsduu2JSwVb5BmWOwOwlNeJeq.'),
	 ('c111c8e0-3a83-4c84-9ea5-ab2ba168c43e','mbinfordd3@walmart.com','$2a$06$Kegfzs.RLCIPbb9pm82um.mLqs96LUXPs9iXapMS/oxVUMPBVLoEi'),
	 ('92fbca32-ca19-456b-acd3-d32e71260926','tdenneyd4@squidoo.com','$2a$06$HqtFJ2w.mcy8cYMQZBs8meSAonKvxMbd5PzN7qm/5jGloX7EHpJoC'),
	 ('17e07694-c10f-4699-bfd5-28077956c66b','kcurmd5@dailymotion.com','$2a$06$.btg9cL2lnVo9Dr6T/3SUedzG90AyifIuv6UudfPDweud/TbvRXEO'),
	 ('eee8249d-831d-4731-9b8c-61c3cbe6a85d','natrilld6@bloglovin.com','$2a$06$V118FnyxByJnym8iRBUv7eyHYZ9pt5Iq22GjYxQ3c4qTD5TP/tura'),
	 ('c51f08d1-d5e1-4fa1-a89c-c25e5b0e5fb2','kshyramd7@reference.com','$2a$06$A2E0B/4qc0f3o3YuFXnGH.FOlj1i4sop3Rsp2nox39nBq6A5InmgW'),
	 ('aac994fc-56d5-4e2d-9455-8108f2cd58db','heslemontd8@unesco.org','$2a$06$2CGcVN9z.MngunY63PWSl.gc9NTjFeYGDgtjs.GEMuuVJp0UxXtdC'),
	 ('a80b710f-ace9-4dec-948e-a46249609935','nportchd9@opera.com','$2a$06$y3.XaCpv3b65GFfe9UsKUef42T.Db2vwTtl52yFTHQwdaZlk9bW6G'),
	 ('63d05c10-b8ee-4751-8b2c-b474f68524b0','msweetda@dagondesign.com','$2a$06$TXesOhsYd7R2CySvKvczyOcXuYzL/Gj.JL0pUKlYZg939WIvMkC5G');
INSERT INTO public.users (id,email,"password") VALUES
	 ('656e31a7-8cc2-43dd-b241-eef984ac3276','mdunphydb@issuu.com','$2a$06$qKsadmfxXFRIVt/eBQhnDeGYMDA40/ive.04ZX9Q8.srBkOtjQ6pm'),
	 ('e3936622-9d55-4b4c-8ad3-8f7b62c2b340','sthomassondc@creativecommons.org','$2a$06$EW6aPQGlBYGhiRhPneHARe/N8Tgon962LeRdMPOBQ3i/N.EPfOiVi'),
	 ('96e43eae-2605-4e4e-8a4d-f7df1c50467f','rsolanodd@illinois.edu','$2a$06$xi7jrwqRih7Aw8aUkJuW0u4rtHRAzkCPI1ESlAJtlGUZLEW9kJFsa'),
	 ('62375610-b3e0-4f31-82fe-73a9d71f38b1','hgrishelyovde@alexa.com','$2a$06$hFYWayYvrm8ot.h9G/y.Kety4ppdBXLLq7G6jbba6xUScNK67VbSO'),
	 ('51cbeff6-fe69-4f4d-ae38-f4ac95c7773f','ncreamerdf@google.nl','$2a$06$oGJQa/MBGvFFksCazZknE.Pw.lgRuVz3DS12SRGs68WPwEF4.j69i'),
	 ('662c018d-5ce3-470f-af33-7c36ba376001','gcapeydg@acquirethisname.com','$2a$06$zJg6g/Gbn0H.Ot2Y5T3piezjRrn8tFKYuGv7Wxv3KW41pW8O6szPi'),
	 ('fc66e315-0251-440e-bb5e-97aa2fd86260','cbarltropdh@arstechnica.com','$2a$06$gwFfaC3WNa6EeTw3tCr/geXIUpBm5iMeA4XAsX7STOy64dB8cYblO'),
	 ('27887768-176d-4ae5-adf6-36e6bc19fbba','mmacnultydi@alibaba.com','$2a$06$15FknlwXatgqu0e45orH1u2VIHVSTwHfIplW2A3tqhg9Hwwuqf8mm'),
	 ('518f1647-a93c-4a93-9ffd-083070b21028','bmastersondj@pbs.org','$2a$06$NA9lRxF5UG28O6Zd8KDBXOvNWiqWwbMF0KaS4a/zJhlae0HDn/Tp.'),
	 ('26342479-8728-4510-9427-317fc0f20156','jmcmurrayadk@wp.com','$2a$06$gdnZUXKh8NUAYkqGLM4rF.TSsxeVt6c1TGM6pCAdvA45INoZeDyaC');
INSERT INTO public.users (id,email,"password") VALUES
	 ('6a88c27c-04c4-4166-a960-8a31d93a3cb7','isamterdl@utexas.edu','$2a$06$a53AjnlHFWCb9M0IV0ciUuYrjNjnKx1pYUpQ3wyleUIUk.OCrcg8i'),
	 ('e27243fe-15cf-40bf-9142-7a6c7b707850','lmazonowiczdm@over-blog.com','$2a$06$zLxZrSAigllJP/rtB6Eg6eqjdQqRJHtYA0YYN41iO9M.kVaUGeUqq'),
	 ('215c57d6-2fbe-446f-9b01-748c5bc7b800','tbowskilldn@irs.gov','$2a$06$yEB.rpBOOMMqU6Bao5Cijeav51.VY.s8x8xNKWelKau4HBuH7Zg92'),
	 ('2380ac2b-d07c-4e1a-8be5-e0ab75f9ab94','rhuguesdo@mozilla.org','$2a$06$mhcDEyw1p6BBRHWOtEB1J.s1tLxgbJv88hzkbQ0q52VafVczB.TxC'),
	 ('47980d59-a300-4359-a94c-1d6c2cd0a8ca','cguillonddq@google.com','$2a$06$.1nAMRhJgkwkwCewavbyX.xjSm9v.W2URay.eCB0lL2z9iJmZljES'),
	 ('f980febd-c483-4e2c-a17e-42e64d7d1f17','eballaydr@cocolog-nifty.com','$2a$06$2.cTPFa.3aVJzdagkU5eL.eMU.ND7zeybSCClrUxI2uy0WEiO7HCy'),
	 ('bbebbebd-7f1b-497d-bb56-d1c2ffa330c9','pmeinsds@bbb.org','$2a$06$zNl/Z2eI2g8dEFyo4KFvG.h4dg6zPz.2zmcI6lf3hpgmB3FZFnX/W'),
	 ('77b00ef5-90ae-47c8-ba8e-b0f0b771688a','icafedt@unicef.org','$2a$06$UeOtWUwRkqlriNArWrTRA.IHgdYvsEe7TiwqKNmK3T62FXdlfVK2q'),
	 ('ef6e548f-5c47-4379-b632-356b58246171','smickandu@google.com.au','$2a$06$aWWwKyh2oGLl1DGh2rjnT.qgzT1cTvFCM8FMTIAT116Ex617WXbza'),
	 ('8ba9721e-932b-453c-9888-a53773ed1083','tmarthendv@ibm.com','$2a$06$nHzyuQtmT2RNHoRt.WZuD.7HR963d1/je9RU3lxs3v5X.WD8dyovy');
INSERT INTO public.users (id,email,"password") VALUES
	 ('c7232698-4b61-4c00-a7c5-3f768f102ce2','lgogginsdw@examiner.com','$2a$06$yajqaWMrSWkG0vkanNat0u4X8p8sWcrJz2koO05NoP/pL6KzYcbW6'),
	 ('0982cac5-7fa6-423b-b1bf-788118425bb8','acrilleydx@pagesperso-orange.fr','$2a$06$O/8UsttvHB1Md3Cwu5..Xew6SYN1.JF3qClHf8.y6Ji9JVhvAKAn6'),
	 ('446b7e16-307f-442d-abfe-5b5484d585fe','rdannelldy@google.com.hk','$2a$06$dMJfkxmL8gqCozgdPZTg3uP8H9NrSSWzXB9iNFxPdJsNR3RZU6CwW'),
	 ('46430917-da32-47ac-8633-afbe0f9b4889','nnewcomdz@list-manage.com','$2a$06$NC.yhftP.NMw/eafJ7Q/i.9WlMAk1SXFVtriMt97M8JJYyFSpmWbq'),
	 ('849c2dea-07e2-4770-80b8-6a3046ea03e9','sscarcee0@squidoo.com','$2a$06$Hh.EKyPlxwGgX26ShzGc/OMQMOCOMDEoSuWhHs2/1a/MtQXVOHCZS'),
	 ('37ea94d9-b78d-44e1-a062-0beb448ea3cf','gjedrzejczake1@walmart.com','$2a$06$GRmZss.RN9pXYFLY8gPuY.8dn9qrvbQW6i9TpggbJukYcys6x3mey'),
	 ('6993d33a-f8e4-47ca-9e4d-d7028346e098','wchellingworthe2@unc.edu','$2a$06$X6MzSWCMboMM81v4g6QsdOMli0ifuvq07hPt.rt1soyorq8Qe5yPq'),
	 ('a5c9a3e5-1e7c-41e8-b9ed-0a3eddd9cad2','jdowrye3@blog.com','$2a$06$ORUonxHJiPx7twabxB6zwO9UsjdukdY5L13WHbjitm3Pe1724GO5q'),
	 ('c8e0aa71-b5f1-42c3-8fd0-26ae57a096cd','orosene4@google.ca','$2a$06$fDPDMo0mkCvYnJNPNM3uhuy2jlEgCoDcINau1i3XghkgccOY1tQ9a'),
	 ('6f6657aa-b856-4408-af2c-9a733a7150f1','gcripine5@webnode.com','$2a$06$WRae8R45JOsNdb0ZmcOTUOGC8I7TPos.wA4QQNeCvkxJ6ZXmcsRMK');
INSERT INTO public.users (id,email,"password") VALUES
	 ('478a7bbe-a940-4d0a-8078-42aca62e485d','nponde6@parallels.com','$2a$06$CW8Vl1lDaiu9JR0.O3YzvegOkPjXAnTvSThxWCfbwCXws/GxlXazq'),
	 ('169186c5-86a8-4617-952b-34b29b6f6924','ogussiee7@wix.com','$2a$06$0KEQewYN.6b/42uFxHkZbuaOR7YmT5JXVY468LNLAJ4qjOS36j00O'),
	 ('dfdcdd9d-26f3-4538-99c8-3256273046f7','gcolombiere8@berkeley.edu','$2a$06$Lk0BW8Xohqcs2ji5BFo.QuyC9nCAHZ4qp9pisnNJNL7G3XIKJR/s6'),
	 ('bf745f37-c05a-444e-b97d-b53f9d96edb4','cgoggeye9@bandcamp.com','$2a$06$8hG62pxSYfmIFEFsUiMm4eAMdBIV9Y0mwtugrPDCNdxRGSstL7WzS'),
	 ('a6ae32c8-a176-452e-bfe3-82b0ee24815b','imckintyea@soundcloud.com','$2a$06$iov4Ts752lSWNzwfoLAWBuqokpjA.ay4IxvxH0HOlh6MFwHJADWjS'),
	 ('78dce42b-091e-40ca-b7df-ba79840aa356','jcellonieb@soup.io','$2a$06$rdoaIPLut0bWBCcOXnTaHuK2OPq4orj2GejwFMiL0eI3tgRbR2Wd2'),
	 ('b52a2a6b-02c2-4fa0-8765-630b1e773fe8','rpellec@weather.com','$2a$06$yATHH3W8KjPFZ2sni4094ugHniQFWH5dnPcvrRAMHP/T6sa4VCJi6'),
	 ('66adde31-61b6-43e0-b872-37ce5b101683','pharked@sun.com','$2a$06$Otl0WRIQA286q67qp1qtPOa0xswk9qaNq3rkTdPK5azJPgtQS4E4m'),
	 ('0ca9384c-5775-4c3b-ba5f-0484f028eb92','lkubatee@jigsy.com','$2a$06$sQX36c6ZaPc2QUfyV9c8HeMBw6BNMnaC.Pr6T0EQibmibC4WN3phK'),
	 ('e422c3a9-830c-4bf2-a211-ee174a0fa1f8','hdivinyef@washington.edu','$2a$06$BHruacwMxg6.Cm/4rVidXODlc91ox.5Ueu3y25.pbmHpgZpAlOmOa');
INSERT INTO public.users (id,email,"password") VALUES
	 ('778d3a54-edd7-4a9a-8c6c-edb0e9f6de39','dwhittleseyeg@japanpost.jp','$2a$06$zb5GgkDhBHlmmlbLqbVfzeM6CD8Cq36r9K7ZTDsp.qi7SJ471tY9C'),
	 ('08827263-fcf2-4de4-8548-ef36162e5ece','danglesseh@sciencedirect.com','$2a$06$PN8W.ke1j149RTravcEikOZYuLrFwcftW61pt6zGEzTXdj51gSZ0q'),
	 ('58ebc304-7147-4a4a-b657-5653bb888c09','rsherrumei@google.co.uk','$2a$06$ljZ2pnWDriZpZu5gltVnleMsR1zZyFETg9VQ008yxLlO/JKqkxL32'),
	 ('f295afe6-c164-4ad8-a2e1-694657f1a863','fcrootej@qq.com','$2a$06$njGlzcYcSviVXTESf5GfCueXtVYhaM2oLfw1kea29AlInrfo5tZy6'),
	 ('9f82cfce-5044-49c0-936c-7ad59ba5319b','trevieek@intel.com','$2a$06$IrpilzkizonjYBFRqTw91ObPe0MQIhIAA1Wa.sUwyxXEycxTPOnCG'),
	 ('5e697a94-e88d-4d6a-acc1-47705aad824a','nsauntonel@sun.com','$2a$06$btuJOF0zdv/GF.dRRaz5t.uLAKcB9/vUyWsKsosgq/p2v6zZ1q4Fq'),
	 ('2d1f9ac4-a8c1-4de5-9d21-d802c6f55f23','mdosdaleem@symantec.com','$2a$06$A1e2fn8xGDyWppvwx/8GbeKiwCNIWjfDbMq23rYu8p51EtAPtjU3e'),
	 ('ab1327e5-4caf-450e-9755-9c1658e0eec0','tlitherlanden@merriam-webster.com','$2a$06$Eyd84yHXRbz70x4G8rVNZ.Qs34mShyd4Ne9igtaQlAvqu6aHw6Puq'),
	 ('281f67e5-cc4d-4c75-8eae-f15eac885e7d','dsilvereo@whitehouse.gov','$2a$06$IqeWyjh0mQBH5j7RWnhtwOzq5wN9RLPfHx4EncACV9fLkZ.Dcvzxy'),
	 ('d512762d-f43f-4f30-bf93-9ae17a80ca93','ifyldesep@jiathis.com','$2a$06$92K5.OnLpN5k4dREVlg51OxuHWPacsh4sLZJSB9tW3wx6hEXMswm6');
INSERT INTO public.users (id,email,"password") VALUES
	 ('1d410369-a930-41d6-a814-d12ac4f00608','dleggeneq@baidu.com','$2a$06$FUia63a5R4IzSdQz7.gOTu9h3ZKXyrqu.1n4cYZ1vi2VEeiy9YlSm'),
	 ('ecdbbd24-f6e8-44ee-8f48-9250b961183e','odyer@sciencedirect.com','$2a$06$.Ss8bUGIKcW.5vbK1LnJDukZOprL9VQJBkaZ8QU3gFHsN.Tux1Ek.'),
	 ('99b4b494-b70b-4caa-bb37-12536ab04d95','jrosensteines@vk.com','$2a$06$uSHitTf0yrsi3s2kxRVWLOaACutVE0oMFUbVi.VGT20ApfefM2kuG'),
	 ('4fa23ae0-bdef-4000-80bb-2a88107935e4','tcannicottet@narod.ru','$2a$06$H6Tj/0ngd1wUfFDYGxYTi.sds0chYM0caywyKaw0J8d1z20SljW.G'),
	 ('5041959e-9559-4f35-821d-df376c1dfea2','rchidlereu@blog.com','$2a$06$hRTY50jpPkSRSrX7rRHcsO3MEjYeohhILw2UYZFUVLA1A1FFI.TbK'),
	 ('9081f78c-a627-44bd-a504-523838059577','jmccurlyeev@friendfeed.com','$2a$06$rHi8piQsDrFTtUWr.oo3q.lWgGV0Ugg2Nn7v0KTzuypQYh/NGmMsq'),
	 ('e051cf9e-c94e-4791-8706-446de0c8744e','kyurinew@aol.com','$2a$06$viyMGKoO6IaA.0Ebw0.VFu3mSGgQCFLZEn79YHNWzh93gImlajKNu'),
	 ('12def94a-7fe1-4824-9519-9aa340b9911a','awignallex@theguardian.com','$2a$06$oHhhZ8DGKf/QraelOM3lPepeuoNJ2kmsRcCksjmF32.gGd0MMUz8e'),
	 ('83676a5c-3667-4829-8e52-1d5164a5fb65','spauteey@hubpages.com','$2a$06$jTfheAwvoaEKNWnT9nJprehX1fKfA2CPwq2oqYKCkSM.IK.5.SDI6'),
	 ('fec4f95e-ba7a-4c91-9d58-a88b7b2b6061','btremonteez@merriam-webster.com','$2a$06$fTzUZgvswtidF6y/qSgmne..Ic33oMnjaBDcI5pUNm0HLv9fYRYsq');
INSERT INTO public.users (id,email,"password") VALUES
	 ('5bcdd1cb-0e39-4241-871b-3f7c9b4196a4','rcollibearf0@marketwatch.com','$2a$06$e4VXNNT3tq5X0Lk9Z74GAeRfCLJohgALPg6t7m9eIVxewW1O3qJKK'),
	 ('7dc1dcf1-bfde-4edd-9401-63d5b7018b6d','dlorrief1@boston.com','$2a$06$19HdZ4trQDWmp6cl/U6ZtebaZ7L7lFZOA9ZuscSZEhvndnbDreAhW'),
	 ('ebedd26c-4c48-416f-bfd7-b96ff3326430','cpetzoldf2@wiley.com','$2a$06$z8Qh4pgyPyM5o4bIUAo7AeASsGfLwepfwyzhW9/ecIfbL2MWZp08W'),
	 ('3bf4a0b3-73af-4413-96fa-8fbed43dc8cc','leffnertf3@patch.com','$2a$06$LbJ6SRqa4NqWPW4hTuyRtOfcDA9FqmrF8HjwgoWw.paR.HIMdWiQm'),
	 ('4984873a-9445-4e65-acab-d98bc0ecd295','cbollenf4@wiley.com','$2a$06$uO4gVWDRBuNEFHQlPQoqpOhsEEhBrqeLygKIV/gKzaVRWTq6gyIna'),
	 ('8c337546-ee8c-4f5e-8136-893f52caacbc','plinsterf5@jalbum.net','$2a$06$ymLIPad1sD3CxIjG8ZBfAOgvRMLgP4vl1Z/1VF7JaNM.RBx1XLqfK'),
	 ('60658867-6965-4bed-87ea-35d9e5289932','wswiersf6@ft.com','$2a$06$KOn5hdkxGBeKtHgo9DspQOBOpgYaJKxPR7IvmOTzZTBSND6ccEP/6'),
	 ('4c48f9e9-b9ed-4702-9f55-0111dbe19697','fdarthef7@marriott.com','$2a$06$AFwmNNBScnyy4VezSZteoOCgWSAgrr5C.NTYHwjxp2LvlG/bVE.iG'),
	 ('91976a6f-8d62-4538-9f08-3b471a2dea21','cfarrawayf8@cbc.ca','$2a$06$DQMz5dpXBr76vpsYbXqVReZNXQNlMZld8p17nnkt6Iy37oAUhNstW'),
	 ('2ed7e339-fdae-4495-b101-a09d362fb415','ftampionf9@blogtalkradio.com','$2a$06$P.8/eom6AV5ZdFn/cx/7ku0idlgCgiRB/eIX3PhKP2093PIP6sohm');
INSERT INTO public.users (id,email,"password") VALUES
	 ('87c4090f-b395-4607-9f26-62f009dddbf1','kboothebiefa@godaddy.com','$2a$06$7USqbar14tOHR/iYbh2fbejO238brMsrYIXXPVHzyb7Suc8Y6AVSS'),
	 ('a809e621-34d2-4e1c-9419-9a87558437f8','mboaterfb@sogou.com','$2a$06$JbZcWjVvnEgdabWJbX7Y3O8tQAME6FeXAfczAvROZ22qeR1Kp06iu'),
	 ('7f889c75-a2d5-4b2a-a423-5631559d5ff0','mvernayfc@baidu.com','$2a$06$qiCOirzEDplCWo9Fas5seOMX1JZeWxEYPpl45AnM1Y.i7/DgjRcX6'),
	 ('945ab5ad-81a0-4609-8e4e-b3ff5e4ae4c2','jjantzenfd@usa.gov','$2a$06$Bcv2EQn6YReLiTokm11hMueCWKPEIzjmxRrvzsYPPykkn.MSF35eC'),
	 ('754f5d88-fa75-4ea8-9037-9b89f43fdb4e','jhallidayfe@jigsy.com','$2a$06$rvtkYBuUcYtUWHuu63ltLOftjj5HmhJk59wHBt/VwlwboNHXRK.y2'),
	 ('4e1af7df-e9e9-4516-b61b-5b44cdfe1dd1','bthomazinff@usnews.com','$2a$06$PRIh0qoN/21q4Acw/oivKe108ra/s4CbMyuC3XPnKMhJkjNHc1hWO'),
	 ('8be2a87b-60a2-40e1-9141-9dd886974e6d','owalkdenfg@quantcast.com','$2a$06$tN1o0I0l..X9MtiSvuAbkuh4dKZcNzexSQTUf/j3ggv9Bv24HLR8G'),
	 ('efdcc02a-3587-48eb-91ff-2733e81c39bd','medgeleyfh@over-blog.com','$2a$06$vjwQB7lBPIK7N1BOJfZZoO9Zwe.8s4u17TNLVFjxx.QXWS3Qltpn.'),
	 ('5e443f6e-059f-4573-8765-5cf0a43c6eff','wromanfi@virginia.edu','$2a$06$HCsJfB4VtZEYqSBGVE74tukJqdB5pIGcLcolzg9KzniqmoN6oppgm'),
	 ('13afdd27-c041-4807-9f65-db6b46f360d2','tpoleyefj@mail.ru','$2a$06$LDKOLRraAyhjLuAkhxLbSusWvUi/V2IacI2Wcosm6FTrTudwTlLAq');
INSERT INTO public.users (id,email,"password") VALUES
	 ('98840022-ddc7-4f30-b5ff-cc0ca384aafd','kcasadofk@mozilla.com','$2a$06$pPsXd.vSz4mfNGatDiXLiO3LaRmeL4EfJJ02ud43xIv3nsylO.p6q'),
	 ('715be54b-3931-44ec-8e15-48fcc891b6d1','mmoortonfl@altervista.org','$2a$06$74fmVWPIgL0bRXe5ev3I5ObuzxZ2XSKx3Y/EpYlpMCufcKLx.R09e'),
	 ('7e713c0d-bc0a-4d46-8b6a-220d72fac60d','kbarleyfm@umn.edu','$2a$06$0HILADh4DlD6hfClDpASs.oLIZKm.VLFf25.xaL1B55YMxnhrguJq'),
	 ('abd82bee-5d7c-4d96-ae4c-9c0732e1d4f5','ahaversumfn@cargocollective.com','$2a$06$reoZO7M726Ckyju3fm2fNe8FykjhmN5stFCsMmjuL52TGiVUtn/pq'),
	 ('7d694e67-257c-4065-9591-313a3ee7b453','bsollasfo@slashdot.org','$2a$06$RMqHrCrW4CW0w13Bm/i5.u4ArdLX0iKHSZnZypSiTVdpypTppu4Ya'),
	 ('ec4b72d6-438f-43a0-8a56-f622493316ca','bkarolovskyfp@buzzfeed.com','$2a$06$QQuD7ND8UqLAvkutII7enOV4GAI17WHryhEF2pKK2/bVkrU48I2Z2'),
	 ('c6b31047-496b-4144-92ab-e400f3d476c5','hsloatfq@youtube.com','$2a$06$LPJ9O9If5XfMlQTyAbuqK.wNy123wEFpbcELH/yBVSAp9.drMw4E2'),
	 ('1f28bc96-eccf-4cf9-8823-fae31343ed28','ngausonfr@ehow.com','$2a$06$JuAQn4q6ZDC1hO.1ekAZguTfhW7SBMbUk7dETRdOKPt3Kus3yJcvG'),
	 ('91cadd90-9e14-4018-a8f0-2d67b4000afe','ndonnachiefs@flickr.com','$2a$06$gqDz1B1ZYYzFvuThCa2oUeOxBniA.nGncKiIbmuMURSxTnPXHyTYu'),
	 ('9ddab2f1-f2d6-45c0-a6ef-8b210d3975ce','scausbeyft@google.com.hk','$2a$06$Tn5sCAdEWjsiDPBoLvBCCukBjNTHe7K27cMDmjlcBXen7e8/PaKAi');
INSERT INTO public.users (id,email,"password") VALUES
	 ('3b99faa3-6e3e-41b6-8901-875a3067804a','cdovidaitisfu@barnesandnoble.com','$2a$06$8HpPeMGLH8lABRf6UsbklODEWvsXlKeXe2yoCGvM3iLe9jSkY2lPO'),
	 ('621fcb12-2e37-4f50-a525-129b2edd512c','kassiterfv@ehow.com','$2a$06$fCjM/a5EhA0Vyo3a4xubBORQTim.JqomDSSgAiZ6HdgtXwf3e6HOG'),
	 ('34899259-5d59-4df3-bc50-ff2445f7f49e','cgosslingfw@telegraph.co.uk','$2a$06$Kdg7iaEEjVcRFNYcBH8CUuenwLgj/7MGdabk9UfQRWqAoxWVnsOtW'),
	 ('1ae1cfd6-1c09-4b59-ae90-239899590cb1','tsokillfx@simplemachines.org','$2a$06$YIrptDdx9oKWgDgUMlZ5QeJ3JwEeEVJk5UYyvb7bbdcHGLTKGkZSC'),
	 ('c8acfac8-2f4b-47a4-8104-eb2bc6fc6d76','mlegenfy@slate.com','$2a$06$.MCFFsLbETf1Zi2AJL3MGu7G7430ZNHDsTkorYiKprDJeL6S86kYm'),
	 ('c52cafc4-b348-43c2-a544-f6244c055ba2','mgabrielyfz@creativecommons.org','$2a$06$NBB/Fvg2T3Wzz2Fw7ektguhks//zcxW4NVc9Z9DcHxvJLNtmx5816'),
	 ('32a42328-398d-4829-8650-fce325b8ac46','rtattersallg0@nifty.com','$2a$06$9JQhJonITk8o0NzOMSUq..rzHj/fKiCQKtRcmfqHUzKutWIp86wQC'),
	 ('01d270a7-c40d-4445-a271-ad07fa77209a','cgreensiteg1@yale.edu','$2a$06$Ykwi8iHIPp7UmbQxsG9Bl.G1BsgnYXtVYb1cLp3UH5WMPew0Oucki'),
	 ('256dac0e-cdca-4c1b-9956-099fe6c37657','acaneg2@tripadvisor.com','$2a$06$YZ3lNn4d90mN9hv5XXb5see4QqI2qRSOLndCCVSt8eGE3XRckUAbG'),
	 ('9a1c54ed-70a8-48e3-9d58-3cc9fadde2ad','blippinig3@gnu.org','$2a$06$Ym5.o3p2Sn/4rY8bL2/dG.k4k4IZqt9/5gCqiebKjWKeqaFM1womi');
INSERT INTO public.users (id,email,"password") VALUES
	 ('738d917f-6591-4d83-9fa9-f2e7c3abb8d3','fbelmontg4@webnode.com','$2a$06$5ifQa9p7csnAf/fDJbCaPu8srae01V/JY3t2/7NGvZO4u5Knf7bSa'),
	 ('21762954-3887-4a92-9133-0be2892deceb','cdriverg5@themeforest.net','$2a$06$72L2HkRh33UVihhmf2FW8uTYlX7ueURKyHBZwIixk978P8Zy2aCGi'),
	 ('3ed0a206-0aed-46d5-aba1-318c3869cf84','sskehensg6@spiegel.de','$2a$06$bFxtUDTKec8GmGgNGO7v/ewe4k7rm0P3IuUyvEGNvJ8wdBupuUOo.'),
	 ('3af3336f-fb6d-4882-bdc8-b2e3fd22f6b6','aiohananofg7@independent.co.uk','$2a$06$BduXWcJQA1csFS3GlOYaDe3EYNaOMXXnaQhnbtHkhBHljXb1pvYKO'),
	 ('b6ec9da1-a82a-49ea-87ce-d37d99863add','wpollerg8@desdev.cn','$2a$06$rhUkBGSkW.yyCesnXZl.ZOIt2lOVmxAxmM7A9y.84ABpHZ3nP.frW'),
	 ('8859c522-e735-46fd-bea8-5815c5f782f7','dhoffnerg9@usda.gov','$2a$06$1vJLN7RNk34C6ImsUbMBd.alPPJjOxDDQuf84iMtAHNJdwFRcjrK6'),
	 ('5778a9e1-7626-4b81-9cc6-17cbf7792d9b','voconnollyga@mlb.com','$2a$06$/4.aN6CYADTkrVylTkrc6OEhhzVFE.p2I.rX9alnIfpO02XkVQRY.'),
	 ('26362125-5d61-44c4-ac09-a9b1d1ae5967','dduttongb@printfriendly.com','$2a$06$8bxbXfu6GSIgj.k77WX1.e07MEP58zWeqaSHRqMPvziP1Z0JaAPA6'),
	 ('bde01a5f-3d66-417a-9f05-f0fca78dd063','rbeesleygc@gov.uk','$2a$06$p/oa3b9mBJhGfFXBE/bv9O3JZjalBXMv5XKhZz/YcxPYnfqlgomHC'),
	 ('4995ebc0-4b4d-4256-ba25-1f34f5713732','msmoutengd@auda.org.au','$2a$06$T3MzOzY6Td32HqVaoSWXtewJS3m6aYkQ4c3Rue80TStbOdLDOlbkm');
INSERT INTO public.users (id,email,"password") VALUES
	 ('2000a56c-904a-4965-9939-506dacb7d188','rstranioge@reuters.com','$2a$06$jJ28lKkKtV.UMUE7AMtPM.IVZAY3Ko3.Mu/pTIVYssssSca5Qslim'),
	 ('91261d07-f018-4eb5-861e-71ea845a5042','tbullmangf@tmall.com','$2a$06$rbq5SFiNvr3DVyfnl6HK2uhIp0YSoGgjh2M.vIW/2W9Cy7x7yzsn.'),
	 ('dac21e97-aa25-41d0-8504-d72cd5c46a3f','mbythewaygg@oracle.com','$2a$06$6KuFnffcaC69I6j.Hry1qumq8XV.LdOJf7aGo/qX2Fv7OgDptK8/i'),
	 ('dbbc83f2-128d-4ece-8ac2-6f988b057e63','sblewittgh@psu.edu','$2a$06$WQMA6jcxQo7FIVPwb60WMOKDMTFhfJhHyLjCbR13I/Ck9Gd29opma'),
	 ('e9f067b2-7554-4a2f-b7f4-5e2d6a3768a9','jpatientgi@usa.gov','$2a$06$V9xnqFedNIC9GvM30Bil6eJMUA4berTcevC5np3FAeJLsNM9HGCi.'),
	 ('ae067286-201b-4423-81d5-456f9e1eec9e','gleesegj@etsy.com','$2a$06$9xBEN/z8lSao9Cb4AsJriObbtDfJCPKFtihbme5avxx90wkh6mh6y'),
	 ('d0173d4c-eb42-4fe7-a2a1-79bae4e93e13','qmariansgk@qq.com','$2a$06$ekrPduZHQWuX7ljG.LASK.0JLQRp4e5Mj5M40kpvExjaPbY22RbDO'),
	 ('8c110684-6288-4deb-acb0-0c9082f7f87f','tbrailsfordgl@eepurl.com','$2a$06$0x/xlcmHD9W2.oEg3HHV6ewVxF/smWprls5OWd7MQgqt4etML0vaG'),
	 ('7b5df212-aa96-4ff3-a8e5-154af4396e45','lshropsheirgm@reuters.com','$2a$06$y/y.3PdXa42zeLSywDSudeChDxch8EGKvAsUI40Rntn.4F2ovHEWq'),
	 ('950dc1bc-842f-4900-a140-d5280039a7ba','pdalgarnowchgn@storify.com','$2a$06$dytsGR8Ws8ZKwDmABx1dWulNQ6r2ODHpONU9qcuH5PtXo3oicRfxq');
INSERT INTO public.users (id,email,"password") VALUES
	 ('da2aba7d-a876-4581-bc27-dcaab9a07472','afoatgo@issuu.com','$2a$06$nO6lptXc8jWOW0vot0FRw.5TJ8URNMDMhKkctuY.rec8rt/cMqSbq'),
	 ('37ac0624-80b3-4f20-ba49-63d620d72fef','jocorrengp@angelfire.com','$2a$06$2p8M247GBBSsj03U25WxCewWRbkMSqfiLPrS7jUkMavoaNyD4HLq6'),
	 ('3308b58d-840f-4237-8b00-7dd031f01a72','mpoznangq@comcast.net','$2a$06$I/yLjJAJGwhL2umf91P3pum6njTb0.typBGmwulklF1zLsBox.ziy'),
	 ('33c11936-75dc-4e82-bc59-c6ed0ebfccd1','mnaisbygr@irs.gov','$2a$06$hzFfBPJcXbQ8b7UHEp3SeeiGNRNeI8ZQ6AJNhxif7LIci/RU1D0T.'),
	 ('bfa8d9c7-7454-41f1-b166-73f8e6e76978','woglassanegs@ucoz.com','$2a$06$xGqrgky85bh3ODS0NHBkhujhokr3iXX51y/5heVS6MCK9YZ05FgJK'),
	 ('9fbd12d3-5682-417b-86a2-4a2fc30efda2','tbartotgt@marketwatch.com','$2a$06$A3ABm0.xwJnxzrgdh3fpCubnS9dgB5q9alUZRCXEaQfBn8wZiN1eS'),
	 ('d89e7133-63ab-4c76-a8fa-3b9ec82715df','kgilmourgu@miibeian.gov.cn','$2a$06$W/YazVV9JwG7/nCBbeXFN./SvI0RNjuSEnv.XUE8qF5AVH.h3jWl.'),
	 ('d2354b17-9b4e-4cd7-9f69-99bb90398ca1','cthurnergv@cnet.com','$2a$06$jbYMiv5WVNOpimXvvvvxzO.Xj77QR61DKCo1.cEz8m92IBYiHJ1mm'),
	 ('b9fb35e5-7752-49f2-b615-6000d3c6d58e','ssmealgw@amazon.de','$2a$06$XwCWioDKPKAeBTw3lu4DgegLe1XOaRF1Iui4XuzShKOc.H2oNIdx.'),
	 ('cbe0e091-78e1-4a32-a497-ca1f6936c6dc','rborleasegx@webnode.com','$2a$06$tUJfG99OWwLd7r1pZgSuEe7uFhlrUPdAepJvwb5lF2w.Tr.s62uSy');
INSERT INTO public.users (id,email,"password") VALUES
	 ('8be18921-d0ef-46f0-8f13-3a06abf1c3bf','rmckelviegy@tripod.com','$2a$06$wKO0tDT91gO7YWo35NyZMePVX1rjXYok2woQl7.hcjOu3pVGnQYMG'),
	 ('2451ce7f-3097-43a9-a949-a58b6f48cbf4','lhanlingz@godaddy.com','$2a$06$oQg7R8WzfNxeKvTbh6dBheYZdmXQzl29i41PjLBf5OeWcBRVyk32q'),
	 ('99e2f2ea-3d76-4c75-8b4c-3730545612de','swipflerh0@dedecms.com','$2a$06$tX/5013EX2Op7ND82fUCw.IvZPfsN9ZXTe5WwYibaT1I2XRqFtmZC'),
	 ('945c2598-0fb1-4ffb-9544-43bbdfddc7f6','idorricotth1@ocn.ne.jp','$2a$06$F/tGXp404.8FwPThFomvSeMNnrf6.QlNg9Bu1.h86Jgo79CJxQvZ6'),
	 ('0d00a7c7-d78c-4c34-9db8-a50ae1b8c019','adigginh2@studiopress.com','$2a$06$hlQq0CLfS6ER5QgGPyy2oOJFFdQSKXgK/n6VIz9PWDa.lpc8kGbMO'),
	 ('3ae3c7cb-3787-4278-b53d-262585e3ac42','ggirkinsh3@telegraph.co.uk','$2a$06$sTfw9WKiBXNmJ/51IQShguM65YXom1XcJx3k1Izv8dxp4evUZ.Txm'),
	 ('5a0c0972-43da-47d6-8090-85ed4d2ca42f','nlingh4@1und1.de','$2a$06$kg4Xke2FQtK/bqoIPnyF..HbIRQhmMy4Sbmd6jGVipSXN/vkQqOVy'),
	 ('008c6021-bbe2-4030-8486-32e16375aa98','jlockharth5@sbwire.com','$2a$06$6GRjMOIdy4u/p/3jQ.vzLuV9kj70Tuhrvw2YRZI8rXRxX8np8sgJW'),
	 ('d9cf89c3-3da5-4e33-9a7b-eb334c0941fd','cbuyeh6@hatena.ne.jp','$2a$06$fR2oauFV85T6eqxrISYozeYibA0ixi5SbgXryk9Wq4xqBac9dObnu'),
	 ('e2638fab-dd76-429d-8c85-ecb0987f995e','gvalenciah7@printfriendly.com','$2a$06$7uzZd/x77HskweL1rVkdCuy7AFTP.HxexguHb0F.zGY2tvOwFxZm2');
INSERT INTO public.users (id,email,"password") VALUES
	 ('848ebdc7-7df3-45a6-a106-240806825c98','aelleringtonh8@nbcnews.com','$2a$06$A9Uc5w7tQNcVbqIUrzv0YuOdLIYoXlV3H6HTj0yy90LTPy0jPUg1i'),
	 ('d090bc2c-0b21-4fd4-bf25-8624a52806c8','bdrummerh9@elpais.com','$2a$06$k6r8FmZ9FcixMk5LoIuV/.PduT9levGBcaJR7IfVxpvSTOIXRf0SG'),
	 ('7f6ad34d-b063-4b7b-8f11-d69f0ea1dd39','ltripeha@t-online.de','$2a$06$0/HGCgSAHWd3gnHJYcqnl.X4XuzGSBL4GlypoAx/A/KmpuVeiLzoq'),
	 ('27cce864-cdea-4c47-846e-a049810fbf54','vpezeyhb@live.com','$2a$06$uGPlmwL723Gfa1LIuFsY7OPvWjgVIhLrZD5oWQsmiCWluQ0xUd4IK'),
	 ('547dc36b-6dd2-4cad-915e-2d150a36c6af','ccorzonhc@mail.ru','$2a$06$t25IuCufbAP5EUT5CKRo0eapRClZqozeWjJ91s0.jqkKEjxpIRR2.'),
	 ('55dfe5aa-e542-4c76-b151-49f95eee73bf','akadarhd@apple.com','$2a$06$ftYPrm8JkTqfBynk1D6gAeRvVjJN3fT6IzfiJy/5Q9tOGS497lFKK'),
	 ('d5fa8d48-c1bb-466a-b455-c41d488913ad','shindeshe@yelp.com','$2a$06$zGwHkLqFbVVj4FtndwdYS.bqaGiG6t5fXi1LBcZgUEBAzjFiKimRm'),
	 ('602d38ac-e86c-4e0a-a42a-33d185a14f35','cnaisbitthf@delicious.com','$2a$06$mDT/DNSo4VJtQIxY1FC5he77nKRZDP2Jr8V4/D6WSG7cmO7tVMfRW'),
	 ('16130ebb-0853-4488-9d3a-a351545837a9','cquaylehg@ibm.com','$2a$06$0z3waGjHVYO9R0X41LM7W.jY2bfYl9joKF5i9PQlgVh/oLsiTlwmC'),
	 ('ed382a2c-371c-4dfa-adf0-71bd3eddfb29','ldillawayhh@google.nl','$2a$06$WQmBefa7pjE36Kbzd7zWR.x/UY8pVD/ffzuceo9IlD5dS/BurohXu');
INSERT INTO public.users (id,email,"password") VALUES
	 ('92594778-a8c1-4e60-ba77-7c2b3d6857d5','epandiehi@amazon.com','$2a$06$46N4YNtg4VqnNwHvFOZ7ue2kxu7/jxDHxdhdQYShshzxJboTwou/y'),
	 ('18846e36-de29-42c6-ba57-cd49ab88cf17','sclevehj@reuters.com','$2a$06$ZFFbCtwouNzr6NQUF9kH..ysYZJsal2C4QEvyofW6eMqjqN7V6e6.'),
	 ('aad97c1a-e8aa-458d-a4c3-c4d51af5aea8','bboobierhk@umn.edu','$2a$06$EENy3PKQ.ST6HRP8eXu1ZOprndQ/t3OIAOvyxzJiUK7Pu9lFtoYAC'),
	 ('7f90a174-1b76-4612-8fcc-a186cf69b56d','pridesdalehl@ycombinator.com','$2a$06$jdvgeXB0or0BiYeAwcBVn.ruK1axHTmTP0mf7dMTtrtNysuKQpznW'),
	 ('c507f5f1-2fe0-4a6c-b749-064d31a6cda7','msouthwoodhm@w3.org','$2a$06$C6ceNV5PEeQzDFKNzBVDhOz9ol9EPnmoRV/P4Ut/j.L971pSmHGxC'),
	 ('4fdc5f0e-17e8-4568-8b36-2923bda5ea36','dorrillhn@topsy.com','$2a$06$KjkffxBaaBgoFbOcVJ/1suT6MySWfuPUJEZuiERM6VsgezaBngj3W'),
	 ('54b235f6-e07f-4a96-9946-91f518035cf4','sgeaneyho@go.com','$2a$06$hk.bcUOs8PsuO70NaQMcse/dRYBhBZeOoIh3Snpb28gAWp7F38gjW'),
	 ('f6945c2d-17e2-44ed-9fda-f549626079aa','cmacbreartyhp@last.fm','$2a$06$RBlO1tbII6M/9vpwz.TjIOsba/FtxoX14B4oFmSIRvB2b52u8/4oy'),
	 ('72f9f8d1-b686-403e-af39-1fb48dea5046','cpetfordhq@businessweek.com','$2a$06$5eubNvioIqXYEiJ0t/uNje2h.nJpGvBQmjhnBUltnTJMT7DqtmBlG'),
	 ('b2a9a3c6-3f5c-4980-b791-f91c848a6aa1','kapperleyhr@dropbox.com','$2a$06$ZQQIuTNGDd73MJmgcJU5wOBU8cm/LR.Y/8853POz.gzFTIEH62R6O');
INSERT INTO public.users (id,email,"password") VALUES
	 ('91fdcb9e-2485-49b8-b027-00b674b2f8cd','vambersonhs@indiegogo.com','$2a$06$9LAjB9bMARSqqtEcdI0zG.FylWDN0TOYXtwGaivo.foE2o9g2heGS'),
	 ('6d27eb00-8281-42c9-b3a8-d3ccb4163229','amcbratneyht@addthis.com','$2a$06$jNBrB8DLkJKPZ1Pcb1DbPumrvFNxPZXCJ.g0LLvbT6z0fkP4tt7oa'),
	 ('c68c7861-d9c3-4480-b7ab-5fefac93acd8','mliggenshu@jugem.jp','$2a$06$2Z7YPcxgV9cdc/bzoBbgZORP8dqp.NP6Dj3NHI2B2sSzPzXBBbCoi'),
	 ('8880a329-8a8e-40af-9a20-1ebe03f9f3c1','shuscrofthv@slideshare.net','$2a$06$KeBTcPaAErPWHEiongR0nOYaARhoZobZu3kTCmfkfPvHoSAyhoZZK'),
	 ('90e930cd-84a1-43a3-8f56-58644d66f29f','ffeldsternhw@blogger.com','$2a$06$QpwXUT5HJn1B6qT4gKP6o.sihlKkZeCNh3qOq4O4ZeSztION5nOoK'),
	 ('fcc3dfee-c7c0-40fc-a9c2-7f5c73dd0825','apomphretthx@sina.com.cn','$2a$06$6O7/Kx/JZdvYEytVIoiXGuKpItRckJk5UWmVQNiThQokS7Pv6kqAG'),
	 ('14a5933c-f630-4a3b-a9d8-ed0412c12f25','rgillitthy@webeden.co.uk','$2a$06$ejDz5XasWm7/VCZx2ffWyuVQVIrXkDBr9a9MsdGSwIgdIOp/ds3J2'),
	 ('f31c7cf7-b28f-46cf-845e-b4b88005c00d','wbayleyhz@unicef.org','$2a$06$BfgmyxZJ8nsk/JGu3qy1wOuTcTpaz6XE1uYayyWqfwWR5Or2KbBAG'),
	 ('713109fb-cd71-4181-a8aa-6d489da541bd','cmortlocki0@theatlantic.com','$2a$06$zrqKb6nInivyoZjZqPSJkO91JRTTeubL0JJkvwlb3Xr7JaXoT0CBy'),
	 ('d23f8d60-d651-4837-b81c-d35e86970cae','jspringeri1@blogs.com','$2a$06$DkJe/jX7iih7AlE2QsvIE.3569OFkhVRbTwFqbbukoP6Y92BqWRUO');
INSERT INTO public.users (id,email,"password") VALUES
	 ('addd9470-9522-4804-a0d5-1ff0bb5a90f1','dcoglei2@w3.org','$2a$06$32aH/xxNVMUPYHn7uhzAB.lToTWm3fnbemj8JzdmGLvdObRCdsTly'),
	 ('ad2d8f6b-b1e7-4e60-aa00-9bce2467e7e5','srosendorfi3@furl.net','$2a$06$ClQMeMFkwkK1sDiEGxkcj.3eEuw1oFS2lezaz39bFkYYo.301IzsW'),
	 ('2fb9b480-a702-46d1-8e85-9f7e154319e5','lburroughesi4@opensource.org','$2a$06$dQezzGqoXSEd9hStAtIKiuFnGJIzCIeY2ehQ8ZN7W8tCDNMvMil5C'),
	 ('76cfe893-ae24-4c0c-a33f-aadc9e55e8fa','bknappi5@hostgator.com','$2a$06$hfZiIZszkVD0H5vAra2nne/.4PM/vKw.sesC1kOTLappVYNoaHi/y'),
	 ('f4a3c74f-1a6e-4f13-b765-313639195e0a','dbrambilli6@hugedomains.com','$2a$06$8YthQLS7ER18NMZot4WucuFamcVK8Dk0F3bHwBvVpIn.I12B9ln6e'),
	 ('b3291b52-1868-4c59-bae9-2c5f1954b15b','fknaggesi7@va.gov','$2a$06$GLLTrv.nV9WJVtWbtMl6hOERVMb1UnqL9PqMoT938ifIRi7g0Vcrq'),
	 ('3e7c0558-a9d0-4211-92f8-d8706d685c2b','jgiacovettii8@squarespace.com','$2a$06$D5MPBSnxuALnvCY8/e/DVuILAbVs.tvxgV9n8JV2x7ZP3PDi9afUS'),
	 ('01431d67-c91d-4894-b9a2-55ed07528172','jpidgleyi9@typepad.com','$2a$06$ldvyrch0Mu3zokT4bqpCeOBUNxLU1fAfUJxSUQhfcVEeCHpLk85CK'),
	 ('b2a398d2-4242-4c03-b260-b769a8dddb2b','iscriveria@oracle.com','$2a$06$XBXt85Ymw9Iz0nfED7.oJ.ufHFW8N/K5JktWNTWNHzxwMWLFNW5hO'),
	 ('67118e55-c7ef-4baf-835f-294905a95957','tfordhamib@taobao.com','$2a$06$AuHoNv0bILwKQi6ImjMI2.0XG/1TFfMsa0MME.IOzzlMGu9D8RrsG');
INSERT INTO public.users (id,email,"password") VALUES
	 ('046b7109-6a19-4670-a9df-8a34c689a275','rmercikic@dot.gov','$2a$06$jJJrVGEV0LxVJ4YYN1Sasuw3ztM5f1OvVlrPOzSmLvhqhdntcC6JW'),
	 ('bd6f130f-1ade-4f67-af5a-b67f9c0b15cf','wmaffioniid@usatoday.com','$2a$06$ZwUzwSui8fyEckwUk2UqVuiDd8CuNVsfduGx9Vjvemry8gPg2n22i'),
	 ('ec44e25e-8ed9-4cab-9693-4a64fbde9b2e','dhurcombeie@rambler.ru','$2a$06$B5auYiPciY4xvbzRkhedku6LLUCBeMO2d3KXNN7bxRqm9Zr0PC23O'),
	 ('19a39e30-67ab-46db-9aad-5ed8fd3fac55','dhelstripif@flavors.me','$2a$06$lWTwLzOmA7zWmxLndzyfculepJs1fDmyrqijGbUvJc22UaOWBMlvy'),
	 ('a9079b48-fc09-4ace-bc8b-17590e8148c1','rmoulsterig@google.com.au','$2a$06$gSzlicfnkuEOkPg4fTjOiO.Am2VBARGJqdGugF9yrfZCuJ8EgjXAS'),
	 ('4a6a7484-1a66-4dba-8613-eec7639bb18f','kflatleyih@businessweek.com','$2a$06$UjpAGd4qNA7Web9E0hZ9T.KKvOpqQwxEODaTkgxs0CEAYisYSngXG'),
	 ('72ec9294-3aa9-4993-ab59-5c46e3fb723b','rspanswickii@webmd.com','$2a$06$MiImDynTJ6CYRFEwAbgP7.4r4YoOb.bQKsIQVi.otOCYDTouEWsXK'),
	 ('20877b22-8c11-47db-af7d-58f7b3b408f7','lherkessij@slashdot.org','$2a$06$kYAziF6TQWuuE.cb2lImNeummbkmZhedOQQ/Vf5lzy5.IFHJMA6Si'),
	 ('c4fd0fb1-db26-4462-8016-ac715cc9bbca','rkitherik@va.gov','$2a$06$2xohtOwIFE6G5T.YcA2vqexhZtNqRqXuLqbJ4LFFdQUuyxae7Fs.6'),
	 ('8ee535a4-6695-4948-a9ac-8eea19d53ad1','marlidgeil@cargocollective.com','$2a$06$H9ifAXYDCaH3o9YD5/0qXuLSv4TpfcaY0Bgh7fLs8b0T1Y/TIpagC');
INSERT INTO public.users (id,email,"password") VALUES
	 ('e56e17f8-31e5-4e81-b489-509745aa7740','plubmanim@theguardian.com','$2a$06$MNdZGMffXsOx3F5Iosp/k.GFIqbdOnNwzpIXbyNDvlHT4kVBqsxZO'),
	 ('8ae3b60d-7098-43f3-9198-50bccbb000dc','lhallinin@icio.us','$2a$06$HgU4KeendiEjMOuGmRFiyO1A0baPKEXL6eo0QbQvK8j6OMR6ZxYdq'),
	 ('dfc00460-cf55-4f62-b8f4-754c4763d841','bmcneillieio@washington.edu','$2a$06$Knp2ZJbO9RVilDEeRJzwz.BfBK482RMFRG4OHCbYIxW0jMS/kkwQu'),
	 ('1afe521f-4856-4a8e-81ba-a94b431cfcd5','mloftinip@etsy.com','$2a$06$KNIMZOHHsZ5AIpRgXtgaieuycqsYVjiwh5ySpE2Gw0KC1xNK.D1Ti'),
	 ('f056886c-f07a-42d9-a9f8-3e8fc91e4e47','gogersiq@hubpages.com','$2a$06$H5b39H4qw47wn73y4ddHeeQkMwTEqxt3OeZHlt21hFpTSHl0am4AS'),
	 ('f4bb5d14-ed70-4ce0-9117-d29c06638e3a','hkubalekir@ezinearticles.com','$2a$06$ZHOaez7EfypwSleyd8L3n.jQZYITkJ.EX/17MP1Xz37kdKq7O2nmW'),
	 ('804693f9-7a60-46ba-8a43-fd39e09680d6','rewolsis@paginegialle.it','$2a$06$A8v7JP/abcLFmm/lc6r0CuZIAphKGNwJOKUrEkOlWQ6ZqhvxIPhee'),
	 ('a9e651bc-1e36-4da1-87fe-c2410e0b6e53','vlentonit@howstuffworks.com','$2a$06$GOXcG3tX/fJSxTeGALwXPeyIjRVRPPL21LNblHJfGjpUi7pGJkJ7K'),
	 ('e640e208-bbf9-4bc9-90fc-6beb79bdd75c','eorrelliu@blogspot.com','$2a$06$0wU7K50T1J7iT7kysewXWOcWsvc9bvKWPxwLShtN21N7kuagIXE2u'),
	 ('09c5cb57-ec09-4ef7-a0e9-846eb9c723e8','sdaethiv@ebay.co.uk','$2a$06$IPyfs5FwADFt4.SSescg5uElCEEtT0c7NkJ3beSt6AVuFu1BmpO1K');
INSERT INTO public.users (id,email,"password") VALUES
	 ('faac1cf0-039b-42b1-aec1-73c97103a267','ablindeiw@nba.com','$2a$06$c3q2yeH19xDHQj6ypxCyM.O./Pua4cCTQlBJr5vxIsQtLXsJagAxO'),
	 ('08d17fc6-372a-47d1-a6f4-55f94fff1528','mfearbyix@buzzfeed.com','$2a$06$8RexVLG0Bjx3/6u2luhsdOrstP8MBTWgjA959B9F14Af7Klx306G6'),
	 ('96227549-e760-4a7d-a7f3-6e75fea1ec62','gpryeriy@indiatimes.com','$2a$06$RVGbbzcZkr5RmALG/hqG5uvL1QACI0Czg3fOEgEcef2.1lHELToDS'),
	 ('03f074cd-dec7-4725-9cdf-7532e0022c45','fmuroiz@dropbox.com','$2a$06$btFiFXl/LK4Ki1mW4JpeEOH8uxIg.KW3i105m/JVTxRMOJjPuyQsW'),
	 ('2f664c3e-d222-4383-a9be-ed1c28d93c61','jgoldupj0@businessinsider.com','$2a$06$XfaOO9.HE6jYJTJK5XTPwOQYmns1o9mRorlRDdk5UnYcZfxxqcy4y'),
	 ('b86c67c7-ab94-4646-9bfb-3b240441bc5a','fhalstedj1@simplemachines.org','$2a$06$KZ4ABzWWkVg9VAGOHCKR..lHHv1XXzBlf0xfqlXB9uQf1DSNnLh.6'),
	 ('de8a067c-05da-4f71-ad12-6adef6658aae','dbleasej2@whitehouse.gov','$2a$06$K.2OEZlYY4H0VwkIGm1Bier.blWGDjXSp9VSpouSJ0lDX4osj.7Hm'),
	 ('54bfa837-5668-4b53-9c2f-c5f0121ed8f2','sphantj3@acquirethisname.com','$2a$06$DK9LOPagH/9UC4hTHnAxqOW2tF.GlvoNZnrTby5kiO.yjRpd4etty'),
	 ('028c85ea-7342-40ad-8e31-15e43bdf112b','coherlihyj4@ning.com','$2a$06$yihMUoXQ0PhcgpyVHk9ypuKMm8tVUw/M8fbAop83uyiswvhY2PaHG'),
	 ('51bc633d-80b6-4669-b8e8-705699f58e7b','sdartanj5@amazonaws.com','$2a$06$GZoUhgALSHXhHdh95yyGt.QUF5DFCH18Z36/vA8HNCE4IPcC0X0SC');
INSERT INTO public.users (id,email,"password") VALUES
	 ('4edef178-b67b-4c70-9cd5-1d9b51a8d2ff','tlawrenzj6@spotify.com','$2a$06$4Mb4bEkmN2Vt/vyQ5y8hC.0Umn20jJTrZCnCdod6IAsHS6SCxwpn6'),
	 ('cc1fe42d-62c0-463b-81ba-efe6c7cfd097','mbashfordj7@squidoo.com','$2a$06$UYL1delvKCPwcq3TyfY99Ouu8iK/FHREWiVVOIweCQZW1gH8vCiP.'),
	 ('6380be66-fd81-478c-a162-796bbe485d9e','cwickeyj8@tiny.cc','$2a$06$SSPU9vIGuF/zS.QQ1WSSTefqnNAbbpwXcAzJxh1285alERz7p7AyK'),
	 ('ce927b55-a1d0-4851-a3d8-66f4b2252c28','tbulfitj9@nytimes.com','$2a$06$BDzZOVJAHUEMT8Gj9O81t.SylvtMEQ31VT77N3DFJOoeDYUPewsmm'),
	 ('3d737733-0599-42c7-bd4c-1a484f9901de','losgarja@nydailynews.com','$2a$06$bZzLLqzO8.nZAnMzBgLY6eyJRytmAHeBTxOjaLyCxhb4by5mhZnse'),
	 ('0523b0e2-5ec7-4e72-a50f-6b10727c6365','jferrarojb@army.mil','$2a$06$AJAHAcit83vMmPZkL64KM.Ssav6nRRsPJM1a.KrS3.s0fmtt2K38O'),
	 ('4aca80f0-c1b0-4cd2-8064-05ace18ca7e7','lyarnoldjc@paypal.com','$2a$06$EoHWWc/W2qhe8meUc.dsrO76Jb42CXaO/DQE/hCAt83ZaHkv4ORKm'),
	 ('b0042404-7889-4ec2-8eff-e3d6d88e60b3','rmcenteejd@cam.ac.uk','$2a$06$JhvLFgQTVG5PtGk6qBaZ..B7AFKy9ucEb8ohy539zYgqzIBqiMgNW'),
	 ('282de6a5-95d8-4ada-b142-5ac038d75f8e','aderuggieroje@parallels.com','$2a$06$zY82tlOXmmrVF5Y4f5fW1.CeYvJURvbYoMMcbd2siepkBfv/RWMWS'),
	 ('98c74cc4-10bf-4f43-b01e-12e8fb510b30','bmeranjf@joomla.org','$2a$06$4xygP51R2rOZ.xgRWXObeO4JFRvmMDWqFwiYgl8nlB0ZESHDkwwcm');
INSERT INTO public.users (id,email,"password") VALUES
	 ('d369455c-f376-40d5-b982-642b06589ce4','gaburrowjg@mtv.com','$2a$06$Y5ff02nwEedTkSkfQoO6luYLaoLHj3nMbi72mWE/tcryzgvZ8TXoC'),
	 ('4847c3df-1a9f-474b-99d7-de350c98b858','dturfesjh@ucsd.edu','$2a$06$/EVCy/DjaWBs6jvxPF.p3OZ3aO0yqQcm8d0.0H3ZGeEMgnrFBcdxa'),
	 ('63ae06e5-30b0-40f6-b1bd-b7c9d6ca660e','demblowji@opensource.org','$2a$06$dnnZ.1AMwZD5QaAx2YxmseHcFDrAyZjVN9xFKh4uzJYORHfdGNbEW'),
	 ('226b80ea-9ffb-48db-b436-4e547cd0a8c1','bhelstripjj@ebay.co.uk','$2a$06$Zbj2afU/tJDcZUQTlEsaG.DKwukgxg7j49pIYoQBMGSXKHKh2YcRi'),
	 ('31cfb63d-01f3-4eae-b9a7-6ed6c522cce0','tboullenjk@clickbank.net','$2a$06$vTXrKmkDLyOz1EMU1RnW.u1TLKmh/pXk4UTMZlxeI2COdFNoLxOZe'),
	 ('504c352d-edc6-4dd2-b2c3-7d682053e055','athrowerjl@usda.gov','$2a$06$qjaEjHiKREWMnMMK1jqZrO/QddwnXUNdzaPKiP8Iozg5kFCu9Scha'),
	 ('839836e8-736e-4080-b97a-d3208acdbebb','wallridgejm@wunderground.com','$2a$06$4AwL4s.n0M7sSupW7HXSteSLyCPfqMmt8xTJFsFXE447rLyMucknu'),
	 ('7b724da5-0b48-4006-8601-4107528a623c','itsarovicjn@chicagotribune.com','$2a$06$PgduMULDOARVG0k/tJ3yIOsaEZTCa4AdxSDyCGZq/cIK0VtRDYzUe'),
	 ('4eff117c-f249-44a9-b6fd-9976f4ae84fd','bletchmorejo@dagondesign.com','$2a$06$hfEiEUr7rL4ddAFKX2VbruLVlXJ/o8ocpf.AjFGWwQpneFsmkAP7e'),
	 ('d174c851-ab6e-4eda-866b-45932f3b8945','aarrojp@cam.ac.uk','$2a$06$hX0pV9OAjsfbD3PeOO1NmeMSpolhknZ.Ej2g4fPVsCmPpdt.IO4Qy');
INSERT INTO public.users (id,email,"password") VALUES
	 ('2a75bf9f-8ac6-495e-8ee6-0c0ec8b0a1c2','tmcrilljq@naver.com','$2a$06$xbYw4NhO45B5amRNOXiqKu5XqoD967UpDq0u9eNRdfxiMZNY0RFPO'),
	 ('e4107172-8b7f-429e-9f26-cf83e41b72d8','kswyersexeyjr@github.io','$2a$06$naTGqEHyz6ausM7TcgYM/OkLv9pJvPq9QL3GGpYmjn6R0v6zsen9y'),
	 ('25cf521b-2f58-44ca-8b6e-839150e6bfc3','ikeslakejs@guardian.co.uk','$2a$06$bz5nd.Al.tNRVK4FHsAoJeyVrRkAfN3t7LK8nbvCnjc85y8cK/Vhe'),
	 ('0b8bc72d-5a1b-4973-bb7e-c946fa4f21b2','cswiersjt@jalbum.net','$2a$06$cUqkh.6T3tSLrXzzCJhM4uW02dDRkNsYA6TnzV0G5DP.fGjLhpMsO'),
	 ('7545b223-4b3c-429a-ab58-440436e438d1','ycallabyju@lulu.com','$2a$06$m8GtVnFaHrNOlsyGZycROOOGarTX9iChNBTmeXQpASFwJUfkYOjp.'),
	 ('4a4840ab-9b64-4262-a8f6-7c21da417ae7','mhurlljv@dmoz.org','$2a$06$jNsuitCruwiyXcBXAoVOpuLjiBTJ74e8yYZ3pHAlcAR.vjY1MWW3O'),
	 ('b75a3f3a-0614-4220-b012-ce1e9f2a9317','canfossojw@state.tx.us','$2a$06$.xY3P2brV7ZfdBJAAUuB1Opqrdll8/kDXXQhl..sX2NdHPiaKP.9K'),
	 ('120c41a3-6c97-4a62-9b46-41b8cbc15ad9','llemariejx@shutterfly.com','$2a$06$ln1JNG2tCty5KQud6BYYx.uKLcI3m4ttY6mNrI220/wgATkY7QoT2'),
	 ('4f107a82-2853-4d09-887f-d185bb3fbc13','kserrurierjy@123-reg.co.uk','$2a$06$.rsh4wJVHMZLGu2b.xnjZOtz.acv7bfD4Js5BNDrubUTnJ.rioT..'),
	 ('9fa68106-70f7-476b-9b1e-150913f69852','schownejz@istockphoto.com','$2a$06$xvMSQba1w4XRNf6Bbsq25OFt8R.xHXPYuxL.jjqCbiNc17wc3cgMi');
INSERT INTO public.users (id,email,"password") VALUES
	 ('1b36be13-50f0-4c5b-ac78-3695e884884c','tmenichinok0@theatlantic.com','$2a$06$N82FT0ys.hwHqJZGULWY0ei.yOYBXVZWs.KdH22npPirNTYWEIYjC'),
	 ('5d231737-4e9c-4ab3-8f83-b6c4b362b5f3','kcarverhillk1@cloudflare.com','$2a$06$9DFs1sraaCVSXUjA2U8RA.b6SzXDSlkfvSZy3AvT9DtYk6pwDwTcS'),
	 ('70406a24-9701-4c48-8c37-383f776ebb46','scokek2@blogtalkradio.com','$2a$06$g9w1UITI5mXVHKu6m6lDiOEG4D4DnQzIt1Qz5l6gLIiHy70EgErrq'),
	 ('4962d5a7-17c3-4165-b811-ec59c0d313ec','miannellik3@ted.com','$2a$06$UKdfFjKQSBCXb13rZCmsAO/2tLV9a9LHw6FZedHb1uPXlE0WHcdaW'),
	 ('e9076b8e-30ec-4e2e-95e3-ad3b1d0d0a2d','mveelerk4@topsy.com','$2a$06$hnPEv4b5.CRpj0IoGG13Wep9lJf/mH.9Tcc3kF7ty15dhKs6A5S5K'),
	 ('4c7b0e5d-2f9e-4b3f-957f-51d7922c64e0','isiebartk5@blinklist.com','$2a$06$M.rrgTLnedpv4UdM6MQs/OMtUVpM6x96fOSw2/8TXswoyrz0w6dqe'),
	 ('5b1668a9-2ba0-4e62-9ea5-e292b0f70dc5','jantognonik6@bbb.org','$2a$06$9QmB2JL194.w086UoLdt5eLOAW1AinRe4REcJ7mYRtolXxALrDLAi'),
	 ('eaad2567-a265-4008-8e37-9bfc7c6f3bd6','jgagesk7@answers.com','$2a$06$edx3oxsz1wOO8deoOazIQuuSxxUcVt.GKGKORhokVKBYwuCX/YAb.'),
	 ('ebdc08d8-bbbf-40e0-bedb-034d0a57179c','sworboyk8@gnu.org','$2a$06$yePYPmedF3YT1p6if3Apa.pOf.acG8v0i76sXuIrCPXyVx/3xcUkK'),
	 ('403fc4ac-3ad5-4ada-974a-08f7f2b66be6','ddwelleyk9@bing.com','$2a$06$OXrBZVA.U/bClszwlumOXOwuJ.cQzh17sKAVlQE3sLsFXEkWTyzfy');
INSERT INTO public.users (id,email,"password") VALUES
	 ('9517ad8b-3ea3-4b25-9f5d-49a696266301','nsharpleyka@bandcamp.com','$2a$06$JiSIw1UVVS764L038G.yGubzmJcnpaATBgddoim08yBE4hv1tuVw2'),
	 ('e2523dcd-0386-451c-8eb0-ff138cd50f87','nkennaghkb@stumbleupon.com','$2a$06$nctkiczBTlGMe3NyuUQsNuM1yxKYjKYSOaNPiji3D32vDtIb57Tj2'),
	 ('e1bbb8f9-5b73-46a7-896b-386eaaabc304','qelcottkc@bbc.co.uk','$2a$06$Qxd05MkObUPZBoMIWVvsu.yAq1drS1D0hvuCtuVhsM5su5RXM8KfW'),
	 ('a40b9d02-9810-4dff-9db5-80ec56b953db','aerasmuskd@youku.com','$2a$06$6dLkcCyNmWdACu8P4B5qTebr1OKwV6NgNJoAVoY9vsrgYgphCPohe'),
	 ('5dae3b9e-3fe8-4605-bdd6-23b006476f2e','ldeanske@alexa.com','$2a$06$PirLKupLqgZ35AZ/dO2u3OWM0xXmdVb8P9LJ/Q9WKIlwBUD3CrC2m'),
	 ('83f3f159-69c5-4ca6-9d10-86bb04af03f6','lmacalesskf@eepurl.com','$2a$06$wzFUKbUQR6RAtoX3AuaHO.Eiy1ySQqkfc4c3XXcv9l6dI3PYtfJca'),
	 ('03f7c2be-b1c4-47c4-a6bc-cd5deacd304e','mskokoekg@scientificamerican.com','$2a$06$0ukE8aZPSaMYKrIuggX0NOvl3cpkBOCQy.cODKNH6LxN8a1MfMo3a'),
	 ('331e564c-9df8-4af4-afbe-4a37e54b0a27','sbluettkh@uiuc.edu','$2a$06$G8ZCdfj9TrACQaFZHyMfXu/dy1Eb4y5VTK9PvPRvPj62N0G/bYBy.'),
	 ('1ff48dae-f836-4efa-89ef-9d25d72d6db5','lmerrimanki@ucsd.edu','$2a$06$YtO8UZBfllsWW5bhu98oj.gOYWpZRiqDwZYbTJzbOxoXC326S4pZm'),
	 ('28d978e0-270f-4573-aa62-19382ee4232b','rfilonkj@google.de','$2a$06$si5GVHxv95g9qUFBZagio.6a7oH/zOmptwdF85.vcHGhWP.MQ0aci');
INSERT INTO public.users (id,email,"password") VALUES
	 ('4cd8b33f-203b-440c-9135-563028b66d0c','dranglekk@gravatar.com','$2a$06$LHMRuV/o47n0V6V.uT7O5u3pBw9HoDj1h6ZrGlmoQIEwd6kK7z41K'),
	 ('6e65e19b-3601-4a7d-b737-cd949e67bf90','ccinellikl@i2i.jp','$2a$06$6C56TSYwV0zyYtgqmAi6QufixA2hX1uPmB5CyLEp53XN0noF31yRu'),
	 ('a0599ff5-1d23-4b7f-8569-411391a22d94','hparletkm@buzzfeed.com','$2a$06$Bd.V1KDG6bN3LOooXktu1uv01Z3mi.m4i1QtqcpVkZaSIW3msWnpu'),
	 ('f05f311a-2758-4913-8bb6-89d3a35082d0','abalharriekn@google.com.br','$2a$06$BKRzLmTnDIRWyGdYNneU4O35eSjPzcdH.4W.y8JaFGwvCXetVN1a2'),
	 ('be8ff214-90b7-40dd-8ac5-bddde0abebd6','bbigglestoneko@wunderground.com','$2a$06$EAuHBWtnti0wMuCqn2kwSuknJWTf.X1zwA3Xgh7R9.E1.goGkZ02q'),
	 ('43270856-f45a-4866-87be-e7afb56f7725','blatorekp@pcworld.com','$2a$06$g0d1O7UhDLoll2GKD6sL7.1jJteBPyBaWDwTFW7Ad9up5jVarSNqO'),
	 ('632762e4-3853-404f-87e9-f23ea20ea407','rorpenkq@berkeley.edu','$2a$06$XgO8rOb6b0OJliz3s/aaGOJ8WRoFbVpOs16EkMHJVPR0UdJFh7QfO'),
	 ('29e60ce2-d73e-4b66-a848-40cda78307d9','nbrendekekr@tamu.edu','$2a$06$.VPi0Mm3BXNzoJCc3VtN4eBJNrlzwLeCkrjQMd./ZC3krc5fnxPx2'),
	 ('920a36f6-1454-43b8-ad4d-27e197593db3','ckupperks@diigo.com','$2a$06$fV0/XcM51VjCtDWzs9rWFuOQsH3tHp4PRHCOvTQ2dTmP0et0iFIUK'),
	 ('d1cdebdf-36a0-41d8-8de7-e332f5d3ddf0','rapplegatekt@elegantthemes.com','$2a$06$b6WnxN.MTePx22y/cTy.keWkAnV5uJ.bjdx80z6XKBm0JdgaKMbPS');
INSERT INTO public.users (id,email,"password") VALUES
	 ('9713a7dd-f00d-47fa-ab3e-554b3777dd51','epomfretku@themeforest.net','$2a$06$RZwOkPcIJDQe2pWfXdZXVuYi0Am.tO/h2pdKNanfXREOnPdAnxBlK'),
	 ('74851ad6-559b-4b7a-9c44-b82462b72180','hdibiagikv@buzzfeed.com','$2a$06$EFSnkraT8DwUV7tEXUmcieKjy/1iIJbtgW0L.87PnZngi4qPr/Z5S'),
	 ('f908eb3a-3057-4c1e-931c-ec0862c829db','ngilburtkw@shinystat.com','$2a$06$rx4i7Tn1Tq5QK9Rdeyf.6.hE/qOrrGRHAnqoJAOo/4aF4bt7YByje'),
	 ('c544fe46-721b-49d6-96ff-f196794df85c','fboatekx@acquirethisname.com','$2a$06$VF9gmftmiDxyJ7dLu43BQOEMxlIpNVSBrEabwI7Aml.jr0vTkv3K2'),
	 ('26092b9b-2331-4c86-b202-169ef0103e83','clippittky@123-reg.co.uk','$2a$06$sarVvqFYPqGjdg/guDhVlO6svaauPwsAVJAIcmFiFioHqvVqCUcVK'),
	 ('715fa558-cf0d-45ff-8776-39f0550ce628','telwynkz@mlb.com','$2a$06$DwxC8Q5ZVdTvvWiTJNNRr..PN/gi4f0jf7aswxc/LUIGWqp3E2xJy'),
	 ('b909bd08-7e2d-4fc0-8952-ff9671ef7066','taspdenl0@friendfeed.com','$2a$06$9az0Nw9FCQLxe0IuIavrAu5k1hyYvdf3rFnGxwko.WuJxmcpgbVeG'),
	 ('4f905c1c-c496-41f8-bbfb-66ec2cec47f3','gsollnerl1@apple.com','$2a$06$hCfnZNZamJUfAmTkeE2YA.WlupBq/IoDqZ2A4EPpRq..H54xE7ioW'),
	 ('49764e41-4ddc-4494-8c50-0967b6ba9bf3','svedishchevl2@sciencedirect.com','$2a$06$QSnGeYuk6ZoyNdh9HmQrxOXIRm9e4RfRrLQE6u.DHtDsYAC4Yyllq'),
	 ('c29199b3-5619-44eb-87d8-c8a4f299e836','wbrothertonl3@nytimes.com','$2a$06$CXz2pmnkwdrdudwakRz6EOxe9xld2aHqqTur1GSV/bHbge0jh8A.m');
INSERT INTO public.users (id,email,"password") VALUES
	 ('6a03828f-430b-4f13-b564-ab723c074a8b','tberrl4@blogger.com','$2a$06$AhMDcQzNx8W4AIrukcbnG.7KwOxL3I0Y3Qe/hOViouyXuJklLJJgW'),
	 ('7dd564f1-123f-4bc9-90eb-9fdee9b57ec9','gbrandhardyl5@seattletimes.com','$2a$06$a/9US2rnrAAx6mrGLokJaO6eZxSjxjNzfW1.b5daYET0vXjkGnAZG'),
	 ('ad71fdbe-efd5-4fdd-aee4-ee9bde8fb41e','erochewelll6@lulu.com','$2a$06$R/NznNBfl.0EH/BZV7So1eUmlxzZKxPO22BpV5eRHnNn8GBo8qPou'),
	 ('6fee5506-da54-40f4-ad36-d33c241b1b6b','emiguell7@foxnews.com','$2a$06$Wk6sZQ4nSEQIJ9WaHAnCVO4Yg3RP2iQ5UVqW/mMiY6yaUvWATXqf.'),
	 ('9cce6256-3d33-4eee-b410-94a60310d83b','triseaml8@wired.com','$2a$06$PgU8QapOPpM924pNdcvrdujjiSaKu2ULwgfmEYV1eieZpwylGAKaK'),
	 ('e6310cfa-6819-4003-a8ce-774e4e48ca47','ranselml9@phpbb.com','$2a$06$JBRtkY6zPFUvTUPEMkJFCOICjpHkRnZF1Q5gvt8mEcehFdzIICdhu'),
	 ('50a36146-7013-42bc-a031-b6017aeef50c','acurlessla@nature.com','$2a$06$Xpyl.eaooeh9bmQVb68Wnu67ZO.YoiHn3ut2UFjtdDaWo28Wp0VoG'),
	 ('9ad36019-b733-4fb0-bbb9-3930e1284314','priccardilb@google.es','$2a$06$FSFwOUJBsmLqSc6r3gKgDOEjFbKo9dGMAq2gDzYi.WiAmR1Zw78BO'),
	 ('b85b7abc-e592-4f4f-a07d-5229a43b10bc','sbayneslc@miitbeian.gov.cn','$2a$06$xMbH99t2VoJLQTTQSZFZ.O2HKdQUMxSDwNeQoh1EyFF7YLF.c1Si6'),
	 ('f3800ed8-6e3d-430e-b2c5-e29604caa821','vjuszczakld@psu.edu','$2a$06$Yy6cCLoUAxe9Y/46HaWgy.T0re5/jxjuCEzoKnKKDO6zjfUWGLRyC');
INSERT INTO public.users (id,email,"password") VALUES
	 ('152638f1-f769-4b94-a6c5-1efd685a9e20','nmquhargele@wunderground.com','$2a$06$PweEbsgBNsWB5Nqp7OLf4efX529BguuXV.7Iff6tF90Y/.ceWgSIS'),
	 ('6f96067b-803a-42ab-8db3-0832a8268cc3','dlucianolf@desdev.cn','$2a$06$jrS8KBaI4JYtHnetPku1Be8GK5pq/.xK2GJUAHL8PRmuaWqM18E5y'),
	 ('d84e1d5c-0404-452a-8f0d-88e8937b6360','lvangiffenlg@creativecommons.org','$2a$06$yF7rXYv46xMxTvkwLeJBzurkyOsTHeDu7JtIJGD7kKX2bwhBRObs6'),
	 ('695d45f6-8666-44b3-88b3-4577447b93f9','sovizelh@spiegel.de','$2a$06$9Msz/UWqCXGesfb0hCo6zOA0yf6zDuYGEZ/qd4idbyeB23e2vOuti'),
	 ('f98ccee6-bd60-474b-a354-304846670871','drammli@addtoany.com','$2a$06$Zxz6IfAfOsmq44CPNoPm7.NwqPQLXzZaGz7ildcfa.SNj2//75ix6'),
	 ('70cf066f-0523-4182-bef4-5258ad7bd5f9','mhellierlj@w3.org','$2a$06$cVR.dx3hwMGbvLJVCrwzPeN7Gb73E1kydxZqj5HFDzpelsR3.VzGK'),
	 ('11cfd984-6d52-4b9b-9b65-4c561dd62bff','pcornillk@auda.org.au','$2a$06$7OmmtvmSlhgsBSCvW6jjVuw20jWox/MHMbud896SZVVNzMW8TQMIq'),
	 ('91e3756a-aa55-4d14-b192-3905301e5eed','dbaslerll@parallels.com','$2a$06$7QHLeRJdb/POJ/oLo4Zw6e7JkhX5FPGkMrdyLp.XvNdcf/uQGture'),
	 ('171b4487-4288-4513-a447-200dd1bd77cf','mhakeylm@alibaba.com','$2a$06$nxNOJPZdYNdWbk5bVy5WyeKsuge.HEr.K1zkXkeaJp//GB.Ti/LEu'),
	 ('3604965f-0d36-43ca-95f8-2885c94bcb32','hmingardiln@examiner.com','$2a$06$Na5UqgfLk11xJ8ii3QOuNu.5tAYt9dxdcD8L/uSeG5vfnYXxEgJXW');
INSERT INTO public.users (id,email,"password") VALUES
	 ('d5efc13e-00f3-4ffd-b0a6-a5f397462a44','hdemeyerlo@accuweather.com','$2a$06$TLlfuhUDjnB4c4FXrvjeZ.ABzmLXtqLYu7gcOKk8kupAnmX4N2Od2'),
	 ('a26cb217-dd29-4df9-9c19-621847fba805','cdossantoslp@squarespace.com','$2a$06$jxT4dtSZIq6a2//Cv3OxBuwGo9w6Dki6IT0l07k3aalRcT30OENTi'),
	 ('cc8d6430-fd2f-488d-ad5d-53f00ad32991','nchatterislq@mozilla.com','$2a$06$hx.LySUOeSjysXpxzODHseiiV0.oI3szJ1AtXEoTWJn4E4UC6.xq.'),
	 ('8d5e0368-6d85-4f5b-9ee5-ff62c4669f5f','fmcgrudderlr@slideshare.net','$2a$06$pNQyUR8WbbFDrrNO/Wwg/uecnlimxTV8ARkV/wlVV/64T3hxTZpQW'),
	 ('6f12e721-4728-4687-9e2f-a35515b865b0','kpepysls@google.fr','$2a$06$0CgEOeescCz8ucnZjvkWWeyLA63PR1hh3hIDMA80FHFuvSvszYvj.'),
	 ('66720d29-a09a-4413-94b6-5cef8e7125fb','mknightslt@scientificamerican.com','$2a$06$b5/KbxGV1Fs26qX70eaApOMIM8RTASL5HfSUdmtsDHlvbapI471ci'),
	 ('8ff9aced-aa99-42f6-975b-dbca7a12ad05','lantoinetlu@behance.net','$2a$06$VNrVPXGOe0kRZqqXcAXtBO104ckog.fXXcxH9xBoq88eLbYAmYzWa'),
	 ('3f3357f3-6572-469b-9778-f1588e18ce9d','kblumlv@bigcartel.com','$2a$06$jrFvMRp1wDTNTPtZtv182efnShVrTzI2ylvm22/P0vTUi5jj/Dxii'),
	 ('de20b487-4087-4f54-b374-de1d67ffe57d','kwyldishlw@springer.com','$2a$06$xgxp7b9D64oNA32TASyMx.iX0CyKl2/C1ddkztxJE02W/zTwMfOKq'),
	 ('87b0646d-5ab9-49a3-a4d4-e0b2e1f5e6a6','ttrokerlx@behance.net','$2a$06$bx.bjtqYSADF.FzNU/m5KeknNTJxiYMYp1fDST2iza/P1hBzT9m2S');
INSERT INTO public.users (id,email,"password") VALUES
	 ('9157e63e-9ce6-449e-93d9-20c8b37414f9','zthresherly@webs.com','$2a$06$Y05mCFlAH3QgRdE0tFskQup6e4kteunur6ezTy/G4A9rYRv3eJWTa'),
	 ('d3c31df3-62c5-4b99-8e4b-996fa70400d8','lplewmanlz@amazon.de','$2a$06$0SFKGrIYsgA6.bRe.5E3C.xO.JQXhY8QSHp4u2kYbfPWPPLSvHgTK'),
	 ('c1310847-0104-446f-ae5c-1d43b2461e0b','jfurslandm0@creativecommons.org','$2a$06$V0nNv6nm38tQ4CoADYNSreVIQ/ui7dtLpFeMIVHRYXTo2yYhOz4N.'),
	 ('eaa5337d-84c7-450a-8fb3-1530e167447c','ralsobrookm1@4shared.com','$2a$06$2zBBybX2aE9f2CO71hbQNOY4J49YIz4QGco7fIZzlet2m7yMUh81e'),
	 ('ff5c8e08-3d85-44e5-b274-24488ec206f2','mkavem2@google.pl','$2a$06$bGvhh94pBncH.BsThO1hkeNyOCx/1h9cvfVbwIcgsaBJe7RU8P3Ii'),
	 ('8288e5fa-07d2-4f2e-9630-f3a71bfb2202','slakelandm3@rediff.com','$2a$06$Yya442V8xCXAzBe0VJ/yP.vh6Z9yW01bNYWFEBXVZYBlC4d2BCUte'),
	 ('4e283907-8503-45d3-8fcb-62aea331ff75','kemlochm4@psu.edu','$2a$06$AHWrnIs0eoW79nxvJ8PcHOFaPhtCr0Wy929RewBuyCd8HiLzad7Hq'),
	 ('3ac352e1-633b-4b52-87e9-486ff41acd60','dharmarm5@ucsd.edu','$2a$06$FSoIQZiR0dv244bJxOJcC.iaNPnPjV287E8BMZqEEF8KkY8boi//O'),
	 ('1a7fd2d1-67ac-43ef-a3a9-47dc4fa2ae55','ggedgem6@aboutads.info','$2a$06$Wf38vRwrRNoKUQgr3qtVnOkG2BWTNWkxra9uqBMkM0Ao5WXJH70cG'),
	 ('c0c75506-34fe-4b4d-9ead-c7938e248670','ztrippm7@google.cn','$2a$06$dOXRhuPyEcx4sU52mmDJ7ef2ZlnZu4SzMf/f157smIGRj43MPpOGi');
INSERT INTO public.users (id,email,"password") VALUES
	 ('c545dfe6-829c-4793-bfcb-097250c490cb','mdurym8@vk.com','$2a$06$6v3nc.rnFdwn3hykgT2Qt.MJj3UpfcmRm9ecw02HePmIbo5yh49ii'),
	 ('3e0259e2-357c-4890-8a13-400663c1f899','mlacottem9@symantec.com','$2a$06$boRB.Nr34IQR1.UIh/d9wuOxx8hNT0vYbKi1oIXPcWomagVB3Epaq'),
	 ('caf61e11-a794-4231-9120-80a429bdc482','bdooganma@friendfeed.com','$2a$06$0KG56XQTGLJzju/mIUgaQ.qtC3AmSOMxHc2PU0j3ronBaDkCWaFR2'),
	 ('fc9bd878-cf27-422f-9410-a77a5cd888e4','mlanegranmb@devhub.com','$2a$06$HBC3IodDxnByOjw3Zvut4OsDTNjGm8qEx.wkIlyZkPW5CxtL9CGM2'),
	 ('11cfbadb-e20f-4ad4-9e0f-5ede7d7afd29','swhitehairmc@techcrunch.com','$2a$06$8HtkgKJBXGcbo3/tTB50H.AxizZ7eaOP00Ig0Ojyu2aeSG34de3xu'),
	 ('5a447700-b133-476b-8a85-85ef250503e1','pfranchionimd@chron.com','$2a$06$FGQmJdlArw7afOfAC4o2n.31gIKoCTtgOoLPlzLS9oka/PPo4OJW6'),
	 ('77801b13-bd1e-47ed-aff6-c30346e75f8b','fewinsme@google.ru','$2a$06$FhFCTn/UG2ZKdMPWsMnIkuezfXvXXSBQx96CRB/rEN78IvMAW133G'),
	 ('501cf4a3-d123-41cf-8c35-1146c45237ff','lhinckesmf@apache.org','$2a$06$/Zfuw6G.4n4P3IqRxE.qE.7OGtSNITX43rbXh3dRzmIp.ysVPxiim'),
	 ('c19940cd-892e-4bd7-9ea4-4a5dd3501a95','kpawelekmg@woothemes.com','$2a$06$dq1C9lTapBGmD8APpvI1h.7xoqMGoJ7HjJhSbHV3/w6.eLdG1lOl6'),
	 ('06e96f67-de88-49b5-b41f-89155a39e189','cbickfordmh@china.com.cn','$2a$06$3r3u4v5mstGdQsUcAcHA8epjQzU2pl/Ps8qx0HpEPpNTpd/Fl7qmW');
INSERT INTO public.users (id,email,"password") VALUES
	 ('8c4fa00d-fdc8-4dde-be71-f3bb3e63125f','bvaudmi@geocities.com','$2a$06$C3wqGGZuE6Bsb/CAgtwuRe/zc0R4DZi6hsE491/v74qCG.yhwEL5q'),
	 ('a881dc60-6b30-458b-9cc2-eb76a1a133c4','ktweedlemj@e-recht24.de','$2a$06$BFplThpuCYHhiF1f7ejagOwMrsXc/HfrIvmdBGzOCPMQvmn7ZIYXe'),
	 ('59ddceb3-752e-403a-b2b6-f2812c91b024','easlummk@sogou.com','$2a$06$cBtvnHQSDkN7BLttSxEqMuqSTcO2In6u90ez5qcXfWM2RM75eFzEC'),
	 ('928896f1-2766-4bd3-aef2-3e6da51ea568','vstuchburieml@yolasite.com','$2a$06$MZ3PBdyAvqiTQw1dVaas9e.TspClkd5OrLqZJeFNngWRgs1DFhuTm'),
	 ('6ff7d7e8-d249-4399-822a-8434517eb956','ltattershallmm@slashdot.org','$2a$06$jNCswKaURSYDu/FV3wrdkeVvijyqCCbxNx95iGWF0LBK5Jy6FALjO'),
	 ('004931fd-3081-4c61-bbf3-57b093a0ef1a','mmunningmn@blinklist.com','$2a$06$YSfsclOZiXfpwT/5fjCX9O9WKIhn9ZUabj6Emau8LJAVBVMYX1aSe'),
	 ('902810c4-2a97-442b-a53b-3a76326be636','jpyrtonmo@patch.com','$2a$06$DKw9DMWPC/lszphRjObLue3v.cr2HQFu0GQkpbpQB3piWRPqYcUN6'),
	 ('5ef76a6b-324b-41ea-896f-cd199cb3fc40','apedycanmp@delicious.com','$2a$06$7rmZtkv5wh9cT.nc67wQteopc5MiUhU2S.1mp/rLXiponBPdJCjx6'),
	 ('4368229c-0cab-4789-91eb-8bdbd34b095f','pswindleymq@chronoengine.com','$2a$06$EOjFL/3ZYI.m2o6QgkZxN.5XArbXzbPKMpgYeoNlGLQmxpZZBbaR.'),
	 ('5a82845b-9f1d-4afc-87ba-c0a74a9e087b','gblakesleymr@bizjournals.com','$2a$06$U1k9QNMMv1DQRIvMWhtu.OaZMHKMnYxn73bIDPHpk/JEbwH.jpSrG');
INSERT INTO public.users (id,email,"password") VALUES
	 ('7c859f1e-5304-4837-817c-182d3d80e900','madamovms@reverbnation.com','$2a$06$qSvYrYLW3TxPkoQFGIf4LeYI4NThkmRiUMRjtmLU/WAp45uwVQtji'),
	 ('4c4b077d-8389-4775-b0f6-6d2dd7ab3290','dtoppinmt@google.pl','$2a$06$Gs7F.Z0ZpgcACKYh9RupGeN4.Yh1Ot3xP0xd3pu5YwL6yqs0UMYqG'),
	 ('b789dcb2-a42a-416b-a832-6a3e8984006e','twillimotmu@instagram.com','$2a$06$GLlJu8GYwkUQEwGn6wgX4eB1NrXVU.F6SajdYsOv4YAy0V0Eb.h8m'),
	 ('7d49477f-b48d-43e9-bfc8-0d9f92be93c5','itillsmv@indiatimes.com','$2a$06$ycuoP9tvkBJe3hPjXqHdt.2YmzjtLw5056D7DwOE5ETsclWpmnStS'),
	 ('a9a1b306-e120-41b2-8942-6343d8384f65','jgoningmw@people.com.cn','$2a$06$XjqMgRKp5dkDtBX0W/mmS.w.0tBS53SOXNoTMMl8z1yswroIiu.Gu'),
	 ('34855eca-a440-4e7d-9a5e-0c3c2776e96c','bahearnemx@shareasale.com','$2a$06$L3wnLSYJ7i283m02KT.gNelEtxcMgbNSN8aat3CnOHi0uyAf4zIbu'),
	 ('8daf2af5-502e-40ea-9fd6-34a085998945','tlinaymy@umn.edu','$2a$06$idHl327T/017UjEDUgPI1.3h0t1Qa.sUtngUSN1btMGzKqmkDzHUa'),
	 ('c60a48c0-27a0-403f-bb90-db64e5c8cd21','finsullmz@arizona.edu','$2a$06$q9LLKpK255k3JM/amYwKI.FXoFEtG/xxAn8uP3Q/s3fuQw3maqky6'),
	 ('17ffccea-1392-42ea-8ee4-ec10217a4e17','bsallowsn0@printfriendly.com','$2a$06$GgxpZ84Kj6Rwv0u6PzT/9u9j31LinMFqnBYU8Owk7ZAHkfbUVk0zi'),
	 ('35daf9ab-7ec3-450a-8b64-a32d5c57478d','aaudenn1@answers.com','$2a$06$ZUD89PwmHXs.qKrBU.WtbO0a/hQpLxU4bg1D6Tklk9Nz0Jim/AbrG');
INSERT INTO public.users (id,email,"password") VALUES
	 ('4c3968fe-5fed-455e-ba48-8d50e0833f80','lsamudion2@weebly.com','$2a$06$yZHlO4I0BOwgCVlgdydsauKFnNvipgAzRAcVwRzCWoQ8Yecqp8wjC'),
	 ('b275e40b-833b-468b-b50e-ce8de82ae0fc','lrobjentsn3@wp.com','$2a$06$O0REpTVYzVXD1wgFQJaLl..2IGZABQWzzuPP1h8zBnFy/EuEsc6BO'),
	 ('04f8e7ac-1f27-4613-958b-5681ebe46b5e','shalson4@ucoz.com','$2a$06$WvXAbu6BHhjZhF26XinL.uqWGdfjd2QF3kr8QnfYbOHjohKlb12kS'),
	 ('fc570a3b-2b97-423e-933e-0712ace933b6','cpaulatn5@opensource.org','$2a$06$c5VLuRgvI5LBrhfs1jS4oedseAAq/xVi1SHx0nIL0VCMK59YZoGNW'),
	 ('05cbc343-17be-435e-8c27-4e2b5d2d5ee7','scumbridgen6@jigsy.com','$2a$06$LXKbvjj8BQcGXKXZjp.DXeD14r1fEO7WCkeOYLbZ4.kic40Ms3Kxy'),
	 ('eeade7d0-3928-4cc1-aac2-97bbc84e1bb1','cmalzardn7@japanpost.jp','$2a$06$TURhQWY4frTp8bnQqDKIeexWDPMqklKQCKu7lMbNAyKNfGUP5IfL6'),
	 ('65e15195-b6c7-46c1-8598-62787e173293','mbleasn8@msn.com','$2a$06$wBnkp3hkVmjm5X.77KstOu5jaa4ShioLlAS8KzBQP728UosL8/gVW'),
	 ('e1503e3d-fb6b-4dd7-94fc-4927fe4efbd2','rmccombn9@skype.com','$2a$06$bJzKjT9XNckT4vD/N03VjOmNhfpdFe.coR63XKJMgqK1h8ovmW2Wm'),
	 ('da1ed76f-5304-4d19-9304-042dfb87ed0b','aizachikna@newyorker.com','$2a$06$a6n2lhTjjTQdof5E5F7IjuLu.N8OTdKGHRG/56P19M.py3yGLTZbW'),
	 ('2675f946-2d03-4523-8efd-219ec64fb8a4','nslanynb@elegantthemes.com','$2a$06$Um9zlYdvtBsiDkgU9hPmYu8G31XI9yVNGs.sJgHdD1D9GUpuSfgqS');
INSERT INTO public.users (id,email,"password") VALUES
	 ('86a21df7-1c80-47b9-8e0c-be3b283f79f4','cseawellnc@indiegogo.com','$2a$06$srQVmnedpsOuiP.PQOz9AetAZYktNvtcWwknYXNuVJyENbzyCdDG6'),
	 ('6df9f8c0-ce0e-484c-b729-ba53bc8baf02','lspilsburiend@unesco.org','$2a$06$8/.aNz72uEZXuWA15SFZIOXTisiRS4LfBCboaYVwSZQnJ8.dBgRCe'),
	 ('855370fb-c9e5-4969-b88e-2e2e5e468a75','mbawmene@wisc.edu','$2a$06$RIhm8iSCh1EaYW43DjJcwObUFWMdr.CX5WJ69edyZXcPAbRqEWirm'),
	 ('c6c55c37-3a1b-4e3f-a29f-c4739d5b853b','jfrondtnf@salon.com','$2a$06$Sj46vGqy0hhopFUqjbJIje/9Ev4qsaLNEa3Hj1oYUsN17bk1chDsO'),
	 ('79f72242-3672-427a-a612-cc1456973ae6','byanyshevng@skyrock.com','$2a$06$TXNwxCwwqf0fdM/SzlGnsO/VgIKmDFINrz6NZXb0NjN2eB3TubX1C'),
	 ('6896e99a-712b-47b4-ae7f-a1b7704e410c','ekidnh@hatena.ne.jp','$2a$06$1zgvrr0bW0p7GkyHQZQZCu.QJl31aJEedjN1ZJV25BkEfXgLhE/GK'),
	 ('f43efc03-d5bf-4455-8cf9-254f8df6a81e','ssimonaitisni@elegantthemes.com','$2a$06$qNC9mcT5k1Tw.k7Hx81ai.4qsznC.F5pVBIrA3ncvYbIrnAGtVUEC'),
	 ('f397d861-5b9c-4c3d-abc6-71ed4694f906','yhalsworthnj@51.la','$2a$06$4LpGnMR098pVerL4qFHcV.g2SZs7NxgV8LsYdG52KiK/vo2PnBnGW'),
	 ('26bc2a47-6b19-4c7c-84c4-46394a1c1324','lludmannk@webmd.com','$2a$06$DGEKmDXvHE4Y9t9Mmomu9eQJBHW60/.9qOBl8gGL.AYMZwc7EEm6e'),
	 ('88932541-b323-4c5d-a7f5-cc430ad50e3d','tklaubernl@issuu.com','$2a$06$63Z8CeWvGVu56p.H/ifdLeRowCxSnc4nRML1i409UYgo9RJFIFhAy');
INSERT INTO public.users (id,email,"password") VALUES
	 ('64784179-0af0-4afe-9395-4ee0f9471de2','vellertonnm@washington.edu','$2a$06$2cb/TqllCJ6oKj6G9ZlJquPK5nEts0CWvmlQNnm.JuTjMYVjPUmJ6'),
	 ('6b78dcb7-89fc-497b-995a-74aed84c9f30','ehowchinnn@deliciousdays.com','$2a$06$J8gwI8uUqOvmQdBh8JIvUuW4aUix8i3ip6P1gbgfOf5TrEwFPNWhi'),
	 ('1d4d6ac6-bd2b-41e6-9928-053575991050','ddoogoodno@yahoo.com','$2a$06$t/YBROu.FfRm8BFBJRspue96ree3jLMmcH0KC4TAIDv5Dym6UEDW2'),
	 ('d89d5e48-38ef-4e01-993d-67a50ac5551c','mtricenp@fema.gov','$2a$06$Q3LWrA/sDMJ.nNIuXg0QvOv0atTPpy87Zio0Qtt9TjuC5YJ7zuoXu'),
	 ('5f283f52-c9f4-4850-97c0-d9736447c098','jnestoruknq@dedecms.com','$2a$06$aj2/dk4SKCtEypOzWnnopOmRiVOo1MP9WKhwDAH/3dypq.JfxWTQu'),
	 ('5913ced4-fc2c-4d9e-af7a-2c2ae77a4806','aempsonnr@prlog.org','$2a$06$96saFVs5FPW29xIe4A5bYOMD5aNGjXxbq90g4rCqynuStXl4HVFqG'),
	 ('6034730c-d78d-4da0-b45c-f62c970e2977','bwabererns@creativecommons.org','$2a$06$lR3B7VNNcaWDKc7Q8dLA8uxYKVTRVJjWrIuW7Tdm6aKrOiS0TnkTG'),
	 ('4ec4b990-8cbb-4285-b22d-45839d21c823','cbennallcknt@mtv.com','$2a$06$7uuBqSdsNV/kQlHp6LckaO4jrtDZ3mEDD2wJ6feb3xxkKuThrEI0e'),
	 ('2f1423d7-595c-4a01-9267-c6a2ecf4e449','wburdsnu@princeton.edu','$2a$06$soD1Yp/dIW/GoSlBG218ieAgd6ZGvE9x174Ff88XgyIxshmz4Lu/a'),
	 ('dbcada61-f7af-4124-8276-fec9be22c1f0','mivachyovnv@mayoclinic.com','$2a$06$yAWfr8zZiFCAOxqwtKrOzeGB9VNdqjRd/nH03NsAOQN.l4qypabr.');
INSERT INTO public.users (id,email,"password") VALUES
	 ('4da69d16-8aa8-4b32-a211-5ae48677a562','alarknw@so-net.ne.jp','$2a$06$B2IX..bqiJD3VbqwHNTowOcEzn8kJ3RZNxr8keqrw9RD3s1lUiFMO'),
	 ('52ff7b03-f6ed-48fd-87e5-38ce6bcf5ee9','afurzeynx@gizmodo.com','$2a$06$rn/DTG4avDAMcq.BtJjEv.gtCjUW9s/7b9s1Y.zY7KM89Iwlc5qyC'),
	 ('2ef54865-2740-44f3-acc4-c1992a3ac1ba','cdivisny@ibm.com','$2a$06$XzIhFNlAxj9KJJN8jfOgGOS4Ao3UBtSEQoztsYstZnNG5BLA1wswG'),
	 ('66f31b51-0f78-4dd5-bc92-217211890825','jspallnz@yandex.ru','$2a$06$JXTM9Z4d9y3FJBdlDBktRuQVV/M.MbXLjQyfiJCKT1xjkgBYv8g72'),
	 ('709d24fe-6ba1-4a0d-8444-c6344c4865e9','bbiskupeko0@privacy.gov.au','$2a$06$YBzq3Wt0tJ2KQ0ewBsntj.QU0zM/brWiqvpVcElP8PVmMWnW35JO6'),
	 ('41ec9d3e-793b-4467-8758-b6cb19db6c0e','rmerrifieldo1@state.gov','$2a$06$XlGosFwWU3O8mWq.vZzyQeBH0TC/II3D1PRgJh1YpbaAPlxXLxKvC'),
	 ('78a89ef7-8688-409d-ae0d-fed744e4e709','ktulliso2@behance.net','$2a$06$KDe2XrURlB41S/G.ZprRIOBanbDwW24X2nrixA02XFAvRW2PHcv0C'),
	 ('ff51a0c3-b40e-4a14-b8c7-0ca2a096ccf8','slefeuvreo3@howstuffworks.com','$2a$06$MXrP15vlWxpbQL3BK1GzxORY46r191CDvDdTxeFsscupzWwBPko7a'),
	 ('db45b76b-a0bd-4b24-b426-91afec201214','oweymoutho4@mail.ru','$2a$06$VEO./47EZ1P0akQw/HmMzufBkCls.MYDK2EzhrLU7bdP23f7BROI.'),
	 ('179b003b-6672-4ec1-bc0f-7e64ad33187c','cplowrighto5@java.com','$2a$06$VtmfFX0.O8KYp1XyYjv.8uJvVNUaTKYWBVIAK/oia8BW7I2VQsGAK');
INSERT INTO public.users (id,email,"password") VALUES
	 ('9a07ea4b-f243-4a4d-b371-0fb5f48eacac','drickso6@gov.uk','$2a$06$G1xM3WhBPhB7IsdzPDh5Puho0iKT3Nq/AfjcR9i6VvrufSURELlRO'),
	 ('db901190-493a-4969-9a3e-1f94459cd98e','fledsono7@biglobe.ne.jp','$2a$06$XTYVoXftiPx6EF2ENWACoe2cvNP.FZEu/flqhpJ/TAbJW1a1YExVO'),
	 ('26eab352-5593-4128-b70a-986a127e57be','rswitzero8@ftc.gov','$2a$06$865tZF5sLJhrWTzgP7Ams.wlMyDEe.TqxjMHds1DSQP6JRbDp3/H.'),
	 ('0fb7ceb9-5644-4e92-8572-f368b74181a2','rameryo9@youtu.be','$2a$06$r77u8K/qWv6KiQ49QwPsGOLGABhN/MrY3WGGuLIQSWKkZKS8V/Uqm'),
	 ('798dfcf9-4543-4bc0-a3ac-6199935bb184','jnansonoa@chronoengine.com','$2a$06$tkew/bUwaSKD6C7G6GC2OeKlQUFC7YFtCxhwc8hyeF7vYhmyQy/uu'),
	 ('010ad914-8ee6-4ffa-9eef-01966ff2fc19','kchicchelliob@dropbox.com','$2a$06$9HI6gjFuMG8nQvir5e4jWOIO3IqMepN2hBSz6uQokIYchaHiSC6Hi'),
	 ('d4bd2190-4c99-4192-810d-a1f0abe22b30','rsimenonoc@gmpg.org','$2a$06$6vE95J7eZXOJU6bosYOUGuTRh.nHy9SG6fhDTp499K9Z1JZ7279XW'),
	 ('a17cc79f-2379-4dfe-ab0e-0e6a3b26197b','llorentod@eepurl.com','$2a$06$0gmReu6vllyWVJRz6Q4WueYJx2OmvjxWbPm2DerLN5JcFefGoyGNe'),
	 ('db62f96d-0015-4a00-9615-bccf9568c71f','epriestleyoe@ftc.gov','$2a$06$iAhgsMRRPfr7.2Cr7QtYyufnXCnXxIrfhgQvwlTmP.KGQ41k3HKpy'),
	 ('304de836-006d-402f-90c6-0a2fa5911230','gisaacof@deviantart.com','$2a$06$Dx5cpNYHbH9dm/oZMkF0ZeuS/Zz15noidfIEICY4X9eFcdHQq5C9i');
INSERT INTO public.users (id,email,"password") VALUES
	 ('83dd19e3-325a-4beb-b446-6f388fa62846','cgodthaabog@alexa.com','$2a$06$G3WHoKgXljzKfPKN.Df8Ye0Qrc2W3yUOxl7.JsJrQBysL0Wf8bpQC'),
	 ('e1977bcb-a1c0-4770-b887-2fad553747f2','hstrickoh@dell.com','$2a$06$/9l0VjvCsn.SDdBPV0.5oO6Gahjw.Zr4RnoRcIYwaGMi1fziezhFK'),
	 ('a17ab7a3-c022-4dd0-95a6-1b8a5491edac','mnolletoi@purevolume.com','$2a$06$WAlCuHrHumkBDhbUel101umm6z5lOJkKgSvQzf4tav8sZLkCbY2zi'),
	 ('4b32a479-58e1-42f2-81ae-059174a84770','nbetterissoj@quantcast.com','$2a$06$mW/1oRz2veuv71STFQEtluZyqgH/.Mq6VL04XK16WnjHx1Lm6eRae'),
	 ('c42756de-4f05-420c-9ebf-00408345654d','jsilmanok@phoca.cz','$2a$06$AII3RB6iYrZyhnD9vURww.9PXMuNNU5LTuctqWLbzgZh7vDxevkEO'),
	 ('ed92efea-2a00-48a7-85c5-cc1ddc9cb261','gquiddihyol@acquirethisname.com','$2a$06$uWELm4fUM8hKUYHL9up2NuDxoVB4FxiL0Xi8.OCNWJxQYOoCAEj46'),
	 ('c8e94f55-4437-4bb7-84a0-4fe511bdf34b','crosenzveigom@lulu.com','$2a$06$Q7K/cM0Co9FiWwfIAgIJiOIrYOmqoRQ.B.0SLIQILtDaDujTDXMsC'),
	 ('ed32f303-68c8-4fe8-a51f-8a12d634852c','nwisniewskion@toplist.cz','$2a$06$dK/lbVip7uiYRpmZr2nfgOeY/vZEkly/10l0pRx7d4Rld6hhMaJkq'),
	 ('e76132e5-f71f-46b1-8fb6-8fe33650d82f','sfouracresoo@rakuten.co.jp','$2a$06$tUiEAf.Bsi1fsvsOgokNW..kHRBR/wAuz9hycHir7puN8ScqNqLKO'),
	 ('25400365-5420-4345-817f-97c90a499b37','yromerilop@goo.ne.jp','$2a$06$4LKGOM544Q7o5eU2V.AGxeYQ.l1ZM.l.OnIRYqwhh84cM0S7r/dd2');
INSERT INTO public.users (id,email,"password") VALUES
	 ('af256776-7fbc-4d35-85d9-8f57a8e662ac','jornelasoq@theguardian.com','$2a$06$IvHIiAUwQFymCbz/CFm6LerrDih9gyVcxLBMyeAE1dxuXOBHixbp.'),
	 ('aa3a2c82-bbc5-46aa-ba0f-1d8e2c392f59','harsonor@nih.gov','$2a$06$LDeQTeRWQ7zd03Fe9zaY6OI8XM3SMiXogiN6gm0QAPvSp.UATE93e'),
	 ('b814fe9f-c37f-4723-9c98-c10b04dcece5','tbudgeonos@ft.com','$2a$06$1D..wLub7mzm7HtKrpAxf.9qVE0eV1inRVxW.RrbQ4pS/kaJ6g54G'),
	 ('9983a268-addb-41d8-a5ac-1d454c9e19d5','jnottiot@delicious.com','$2a$06$qvgKR8lzARecZgnAG3RT4uZ0.tJ6ERTw2EXKQyYbFoFLbYFVyXTwm'),
	 ('76eb0856-0773-4b9a-bed6-4b6e5cf22e58','cgilbertsonou@newsvine.com','$2a$06$vkysfgoabqRdcDzHEd2ELuJJ8ljBfJ71vGFsmVikzKmvanU91vQoi'),
	 ('66b2f908-4114-4439-8186-a5c7a34c792e','gskillingtonov@exblog.jp','$2a$06$Y6OXUxn1BemX3hqb.blDf./uOU9xjogMJFxdcwvJM/3hmNjoC2x.i'),
	 ('d81cc577-8ddc-4482-8dd3-638c98182f31','wguillemow@vistaprint.com','$2a$06$BdaG62FUrkgT6WPIcnh.0O4/2wjzgR69XLJEzNOF464IlR2nbYJna'),
	 ('e1b06bff-9199-4562-9b68-6c37889a4203','aeckersallox@phoca.cz','$2a$06$vp9AUOAhynRUxqZT990yyOYqBOEsf7F2kxy01QeI7zjz5Kbawd26e'),
	 ('1c6208f4-4c9a-4d00-983b-eee0763bad22','lmcturleyoy@wired.com','$2a$06$MakIr2ydyf1kaoFfrQGEAOLtyWDenN2lPwBFhUbI3cC.r27k1zfFe'),
	 ('4499abd0-1831-4737-8275-7cd4e436b203','mbissetoz@prlog.org','$2a$06$qBw32uP/FdGznIzCrDHe.u7hac6DXS7Wwrv6nTQbLcGYlX9RJZTCW');
INSERT INTO public.users (id,email,"password") VALUES
	 ('c8fcde32-1a5d-497c-90a5-810d65539ae6','lellinp0@nydailynews.com','$2a$06$jlGMolz2qc6UMzY5/.fnsOMIr/NfwbZWka8An5EcLEsGwPMqwR5Pa'),
	 ('b59fdd3b-105e-4418-bb25-d3152cba4bc1','tgunstonp1@census.gov','$2a$06$CjAvfQJkk6ADj.tdbCwohuaTRbFhg2vyQa2mS.YX.2x40d.CCLIlG'),
	 ('0db4351b-8f7b-462a-8c1b-1ca4e9fc10b9','eprimep2@opensource.org','$2a$06$oPreJfGoYoi7prXOl8dmF.f4fVGNvjetm8GO9O5m7HLar5rCR3R1y'),
	 ('0a307ea4-0c8e-4872-96a2-69a8cfb154c9','ckorneichukp3@ning.com','$2a$06$PXivcNTLtSEjY4IzKttHAO8WrwGo5OAJRUix3XEJla1V9COpo3Up2'),
	 ('34f88443-fb44-45a6-a1b5-12c043b7a723','mkemerp4@dion.ne.jp','$2a$06$wUjC32/8bUDMmpU.a1n1IejVl9F6BkwtBfxb5L2FF4Hfd7H5UWeH.'),
	 ('8e456ba1-b03c-42e2-bca3-fe520fa24586','lbuxamp5@indiegogo.com','$2a$06$RlO0DYJYnCK9B.iN1zJA4.51dUajGhUCYi6Li4ZvqY6LbPQof5656'),
	 ('6a614777-3e0f-4529-8fd1-f2e6410de8c2','afearsp6@newyorker.com','$2a$06$jln4rG53RyewhFbyUKpWcuX3aR1/mnedZGS1wgbohG8uQLGcJiJJ.'),
	 ('6bffd350-5af7-46a2-9f07-dc7b79a39ca7','amactaguep7@livejournal.com','$2a$06$3PkP0tB4gnUNyEuOTf0M2ezA2Sxlj45bhD04KLnqJQhJZiuroLu9G'),
	 ('5bd5cc75-0e97-4751-b1b6-8170104fbba5','awixeyp8@shinystat.com','$2a$06$OMzYvxj0VNlOiKVK8zU9eObWKymDq/QYYgiwMC0krqatdQILFmZAm'),
	 ('0d32aaa3-fb52-4496-a055-27937ea599a9','abrafertonp9@technorati.com','$2a$06$78GrKUNnV9cYuA3NZjpQouLHslx0dqSKxTCHvxZt5PDvsj8BZhj1C');
INSERT INTO public.users (id,email,"password") VALUES
	 ('19ec7dbb-9697-4359-8c6a-fdab27a0a599','vdoohanpa@theatlantic.com','$2a$06$A4Mbj.OjVSCq7vGVvp6h..y4kCdbTH997u2WJVHeT8NPS6Y4qX4OC'),
	 ('edbb8071-ecc3-44ff-a8bd-142d527d19d8','lrubinowitzpb@odnoklassniki.ru','$2a$06$vEfUpEzpsIx7iy8US29mCu.I2kbrWUoqC8M01/AUunXyu1gX6xtZa'),
	 ('d7656d73-f710-4956-9585-740768566809','ybaylepc@technorati.com','$2a$06$fmO5hBUFYbpkNaE.G81.p./wla78tU7oL2LuqSgr6elqy2zxoCZCW'),
	 ('0d59ea4f-17c9-494b-b7a0-fbc26b17b841','sbullerpd@yellowpages.com','$2a$06$rGP5zWU3kUWpeu..ZsGtfOoObGbL1PgvN8rDwHm/gdb6cvQ6raF6u'),
	 ('d3956bc7-8f16-4994-a2c1-059e24ee28cf','jbelliepe@friendfeed.com','$2a$06$KgehL8ZLWfeoQg6/1yEgjOeai.KMDD4vUJuar16YfuM1NJYb5g1fu'),
	 ('b919dea0-949f-48c8-8eca-5664399026c4','ahavertypf@naver.com','$2a$06$4ZDinspZPoIsT00CP8iPNu4XhV5UmjtpWb2mFpf7daC1VGOOT0ZnS'),
	 ('0b628ea2-e366-45e3-82c7-9ec37aeeeab6','cbinnerpg@imdb.com','$2a$06$zP3Y0Y.TYrD2w/N66TdYzuBN3L.ZuW5heX23GgqkKiaGxhyJ6lyFG'),
	 ('251e83f4-2c6c-4803-97fc-25db172290b2','mdinwoodieph@sun.com','$2a$06$U9bgK0q.cqELEmQq7ydi7e5jyDqrUIBFrAPSR.WQQ5AGyxXmmVqDe'),
	 ('fb21b5c0-659d-4d7c-98ce-2ca39410e14a','sodornanpi@deliciousdays.com','$2a$06$KQiVQrmqRyYDTvwvoKesoOgu8qC5ExRpmpLr4JiBBHFuW8fms5Fdy'),
	 ('d1d92808-9cce-444e-ab4f-8c6cf26369c0','probertotpj@nydailynews.com','$2a$06$94wppjmSg5i83vGyyLssh.O7D5iVMaImm8eJXrMbFtYqqIAEz8.Ku');
INSERT INTO public.users (id,email,"password") VALUES
	 ('21393836-cfb9-4e03-8ff1-fa75ab8e8a1d','cbassickpk@zdnet.com','$2a$06$wh64W4PUyfdQEf1r78ssDOphDPtNG37MIpAjpWUFjPg9yqhUALKeq'),
	 ('a5a00624-fb4f-4229-b109-629d7bdfa245','gyespl@bloomberg.com','$2a$06$S0r2WL8USLWa3qqfKG7fTOU./jod3BuJFHJ8eck/5fVb5eKdsvM5K'),
	 ('87b7bd6d-9e6d-47b0-a310-6f538827dbd7','nhardenpm@npr.org','$2a$06$4IbONOUHO0FeIgsymvqt5uE1TIhNbAe46UN3saOnjDUgMT3b2vfIC'),
	 ('6c56643f-7061-4d04-879e-f9e75690d550','alovelesspn@java.com','$2a$06$0RtKTZ.Fpxx0XV6Rei16leKX6JEcxQw0jTjx2OmRTj7OsGjqJKCCu'),
	 ('85336912-ecd5-4ea1-8c49-ee1618db80ee','hlysonspo@sitemeter.com','$2a$06$fBg753y/el33LzPIf0.uyOfZJvfomSUuhGnahxL0abhQwUgbbwgVq'),
	 ('e6011b66-0630-408e-aa9e-27eb7559fbd4','tgoldspp@ca.gov','$2a$06$Ejeo1WVygQVnZKSqU1uJ2OO4GBTTZ7kJnntjlcB7cuAFlURmnRU6O'),
	 ('312bf080-14ae-4884-bbdf-b07a11a2da3f','mkivellepq@census.gov','$2a$06$1YGhSb1Ix4lnzN2NNGTQcOf4SlCfSWcuUDX7vAmQDYIZp1YCll.Wu'),
	 ('8f640187-fb8c-4b3f-ada1-3f77cdeb9bc8','cmorridpr@tinyurl.com','$2a$06$Ht82SIuK/LxGARrkUPWASeQbO9rTcK6YWVDmvh2xBfeM3.0b10t7.'),
	 ('d1e5c09d-507d-49ab-92c7-138223583385','kreadshawps@facebook.com','$2a$06$i0W8Ijjpqs/cyjo0lKVh1unmTNGJ0O2MsO/LuUC74HqixjVdaXuZO'),
	 ('c5f82cb8-70a5-4af1-8d25-5d29ddffe3d1','wecclestonpt@bbc.co.uk','$2a$06$qalf0f9qI4hKoPYJLbfhUuEf2AhN4OTHEkySKtetf5fjBlkm.0xOG');
INSERT INTO public.users (id,email,"password") VALUES
	 ('4c2dbbca-5912-471b-87b5-0bd0b23d3fd9','sholcroftpu@wunderground.com','$2a$06$7K3P.t7RcRe2EXzlVNX9VOIUBlqOY20ILdltkju88KRF1BMRSo5xS'),
	 ('2263c421-82a5-460a-825d-4bd09d669898','nsakerpv@china.com.cn','$2a$06$ur13gHAQQNI1F5Bgxbz/z.i7c8/5af4GAWnFoT9mFetqgi4N/KVpa'),
	 ('d08ac101-fa55-4f26-8819-94477b7af452','dlaurentinopw@marriott.com','$2a$06$VDabVQz/dKNyEO4a6QyYd.ATcUXCdZ/2QOrpDbza8ADL65Hh5JRkO'),
	 ('11a4167b-e7da-4766-9049-84dead2ac1dc','hshanleypx@spiegel.de','$2a$06$ye.EvcWHbbuT2okC8NM.AOIKklbYz..cEK4wPC4oQsSg0OYXH8LhC'),
	 ('66490840-f699-400c-8778-23ee3e895cd4','rcurraopy@bluehost.com','$2a$06$86Ndxxj8L5oaBxJtp8D23uWUc3p9MDwbkfnrAfy56aLJRwoYk7VJu'),
	 ('ad4440eb-3c1e-4b53-bbe2-68a6405f9ef1','dpurdonpz@wired.com','$2a$06$f/V1ObDQuTcj93AoGoHp4.dHP5qC/E.ox04Lr8Sfuc1d.7Vd1qcC2'),
	 ('21b2110a-79a4-463e-91a4-80251a591031','rbotcherbyq0@furl.net','$2a$06$33VrtxEO/gbwgeP4qNBdeuAe1Pext6oV0iiD.L6XFZsmghGYFInjW'),
	 ('ecc905d4-9ecb-4f70-ae6d-c2159dad44c7','btuhyq1@howstuffworks.com','$2a$06$ib/EkoAUDA1to8rCKFY96OeqwCSVaZj5tgoRvQUjXhDk3v/ymCUDy'),
	 ('1d7d550d-2b53-40b6-ad66-416ff67c9e69','cgillinghamsq2@washington.edu','$2a$06$w5X9OBluJCKLMOffvEkqI.5CFZMiqc38ebloRqwcjhTOnYsGFVBKO'),
	 ('2f4be441-08e3-4aac-b896-5b0206988f06','fakettq3@deviantart.com','$2a$06$jZWpCmH7EQeDYe2PdzyFYu489z3830hiN2vseOUjkNvfGbREqLk5e');
INSERT INTO public.users (id,email,"password") VALUES
	 ('4fdba6d5-c424-4752-a998-b75438ef52a7','plewendonq4@sohu.com','$2a$06$WmBmC1zS4ZhpnizFx7LGUuqH/sgc3QqSdKFytW9InwLeg5jkM45JG'),
	 ('c12e5ad6-9970-40de-b547-b6272a62871b','pgivensq5@ifeng.com','$2a$06$i1Sh57halfk1ety88LRBz.PIPgEbI0sGdtRsbNHA4EDFLxi5FRWea'),
	 ('ab1c3294-af9b-4186-bd74-8fa56646ce6d','rhewinsq6@dot.gov','$2a$06$CJe5rsMJ/zKfhznxQUihyuXDlmQ5BAVnNa4IqcwyuOosahK1K5FQC'),
	 ('d40ac48c-1049-4113-be0b-a29d5df3b28b','ecranstoneq7@ask.com','$2a$06$zB0nImuhAp3t9qSEhmY84OV8T4SPRHwYuBuccRNDjKaephHm45SOO'),
	 ('37eec94e-7f65-470f-8c2f-c754bdd3a30b','gbraffertonq8@squarespace.com','$2a$06$CgRitGzeloRWvqpbjs5L9enKVxATQsXbNDmbwNvPNDdwz47n3FNTy'),
	 ('f468f2ae-04a9-4dcc-b504-44ab0c1b3dce','amccambroisq9@instagram.com','$2a$06$Gj0qE6bLF0mkW6v.AEgJjeFjmiSlGi12tBrw7T0klQN6BDAiHXpH6'),
	 ('a7729bfb-e335-4dc5-8fe7-81e5680d6ef3','tjezardqa@zdnet.com','$2a$06$12PzkMSeWrJEzoe6btt.iOpN.OmkMu0Wu61tLiX4IkFgPsLExH/Xe'),
	 ('376d5204-6855-4833-9390-d2769f62ccc3','apomphreyqb@taobao.com','$2a$06$vccCunpff.Df6PUypPkzqOfrhd3/fLNr.32Qv5rJgHRbhOxFmAwoC'),
	 ('75cb068b-dd23-4c06-836d-dd03ad0dec19','dbuntineqc@github.io','$2a$06$xvU/YFNKRSD6Sc.TAt6BDuRTkTtot9LzM5uSEchmmsOCNw0UomAlC'),
	 ('521962eb-4b43-411d-9327-919514f0a9bd','kparsonageqd@japanpost.jp','$2a$06$/Pee0ZejrlEmAc8tnx0r3eIqXx.wlELRtTJyW2I45B12kBRafmTlG');
INSERT INTO public.users (id,email,"password") VALUES
	 ('385a7cf7-733d-4505-8120-d8b9256e348c','ldeminicoqe@ucsd.edu','$2a$06$0QmtktvWxPd83KjBtpMYqegd3lugI6iyQRUerD795j0HKFBagTBWK'),
	 ('d98eadec-ed30-469d-9ad5-086c1a027a58','fpassmoreqf@disqus.com','$2a$06$0r1AWEc8TeHZkJfLXuxuNeYAcM3VUFn2YMuiiKIEmV.OxfihlASx.'),
	 ('956b5f0a-b38f-4257-8247-326ebc0a42df','jharmeqg@archive.org','$2a$06$HwiDUjXAZL8ITZpS3mrtheybZTANfNLi2NNhvGZWrkbajRcnc.EBG'),
	 ('3d23dcdc-aff7-4ee2-b681-0285d249eb30','bfishpoolqh@delicious.com','$2a$06$nnV8.FOpKXMJOHGbGQoys.j6xNhQTAvdVUVO0NHMI1/5vU3laZMuu'),
	 ('f998b71e-7114-4701-b22a-d795061f570b','acorwinqi@rambler.ru','$2a$06$KzJk38VbIrNUc4wDBdHXiOjJl.9ZzzGqsjC9UCHxXa3lkV/w6eQXy'),
	 ('ca900a8c-15de-460a-b2ae-e892c1366453','wtrumperqj@lulu.com','$2a$06$.u2Iv4kPAMgLb2KdlOT5yO5umRAwY.okVNkHoJLz4CUxYQK0JxJTy'),
	 ('3b1ffcb9-545c-41da-bb8b-d9655c9f3e95','gcooneyqk@psu.edu','$2a$06$bLpZcsW3rIw7XUjV0EEJ6OQK47TiZAtzuhd9h/NyqlXDz1av1lrMy'),
	 ('83160dc9-8a5d-4058-a4f5-f2dac63d1fc0','dpowterql@chicagotribune.com','$2a$06$2q6pCDmqd/pqL7W74bmGxOfXgpnXwlwYC12S2nFvOitcP0f/AeXbO'),
	 ('ca3516db-a6cf-4971-85e5-1ac15483adad','stallynqm@msu.edu','$2a$06$UOQruUWwkVpv8yZKYovXB.6pJc9YGUlPB3LCzue/JzEawlFinMaQe'),
	 ('49f25ba5-63c9-4660-a9d4-4d48335b0f98','pbonessqn@gizmodo.com','$2a$06$vTwCjF9/YJLg/xpo4bJ.E.jlpKHkAPKKQQpTvJWDvpu3s6ijjKk12');
INSERT INTO public.users (id,email,"password") VALUES
	 ('fc3975b9-81c5-4c7e-b36c-7b9a49449796','stramelqo@facebook.com','$2a$06$MiU3xY7r6MvdAmuHBLDJF.mlj80OZ0fsnKXRCgyf68OOPKxyR2ho2'),
	 ('a471c488-75d6-4b30-a358-f4cd41f46df8','chaffardqp@gmpg.org','$2a$06$/70ZG4Q.EN0lMeLvIS2BIOU3Pa2XL55hnr2PL.v68aIvqYe4rUKFa'),
	 ('2d6ba614-1961-4326-825d-5a266e173e54','hsiveterqq@cargocollective.com','$2a$06$w6g3yW1cj5IORvNBGz6CweIUNNF.H8S511NSG/bLmrzQQLGRmn3km'),
	 ('e86221b2-61b3-4ee5-ba8d-eda7e0c9d347','eruthenqr@cdbaby.com','$2a$06$zc8fN6FRTkBUpPVxnZgXpelO5UqQ.AwqvxD5bXrzOelg70IO4gUZi'),
	 ('58649e43-c2ec-4f76-93e1-3cc1b16ca1a5','ctuxsellqs@icq.com','$2a$06$3VftDKwEFgCi/foykDhoEO4525oWL//aUYVx5gBSPT7bmtnNCoRQC'),
	 ('a8518329-4a19-4806-a629-6319b62130da','bphilippetqt@reference.com','$2a$06$GJf6M548SsEc7pgakmOSYOdna5lop4p9xlkhFpLUuG6WSbgJHOFtm'),
	 ('dded9ae2-fe1c-4a3d-9f12-7a35a29c7012','kpurseglovequ@disqus.com','$2a$06$HCyLGHzNknp/R6lNJ5z2DeAcRIuXSpFAmc4jWAarIZu0UVCOggKMK'),
	 ('94cbdcf6-9100-4069-be66-168b5b88f239','dblamiresqv@usa.gov','$2a$06$g.p1VsM5l64o5v6nX2zr9.2uKlkh1Hvdry.6OGd62088RhdT1N76u'),
	 ('25491949-d57e-4afb-be1e-368898e545e3','kstartonqw@hud.gov','$2a$06$oMEp2En7mKTuyQrdJozNWOA83WbJZKWnsoTZ8Wy/MMM4kBQeltKkW'),
	 ('b5adf297-9bd9-42b1-8b68-77c97dadb039','saizikovqx@twitpic.com','$2a$06$rbg8savO1XSsvK2XPsvs.eMYyE/4uJlMRi7F29840mBPu1G/sg0su');
INSERT INTO public.users (id,email,"password") VALUES
	 ('741156e8-d01c-4ff2-90af-51aa55a55f8c','discowitzqy@over-blog.com','$2a$06$adSfdkcbqwXpI9xNE6V6uuTDjXleiUKDZ1euhE4SjnELiINbYmC1G'),
	 ('38501eeb-c2cb-4a04-9984-dd48518b46a5','cblabieqz@seattletimes.com','$2a$06$lldKl35tVrLVZhWNgVOYFe0/MlTSniEmAWce8hWmiS4nN835BcRfq'),
	 ('ad252cda-5fad-4b3e-a026-cc9597e97d74','istither0@pcworld.com','$2a$06$iXLtOwg4FrWDmtF/OJ1Ao.wFTBMXRv3MZ7v2vi8UspM5UWszCArEe'),
	 ('31e66e61-902e-4210-9842-82e96c35f9ed','cmacallisterr1@com.com','$2a$06$YdYBEz5BeIHQ4z72NNZ4WeXotccgyI33pNzIDN82qF5crD/gHRi.i'),
	 ('f6cec706-6e6b-465c-895e-c5914019dbc5','jprudhamr2@indiegogo.com','$2a$06$NTw2fEuNyYE0s4t4CoSttOluXxgTdNWIbJmZLVqBigzxrO0EEyqwi'),
	 ('e897681b-169b-4a59-9c2c-05fa57e8cbcc','rwebsterr3@jigsy.com','$2a$06$elyuappaItrz0LJjPUBxEetuTsFaygbCiVu6snGZWnTKdeZMxKjrS'),
	 ('5a296013-e238-442c-960c-c7a11785d790','psadatr4@tuttocitta.it','$2a$06$9hbmqUntFT7HnsiFfnSXe.LJ8ixUuS8jr4DtXGaAQp0eE69VgZWpO'),
	 ('ba780a54-ec0e-4cd1-98cc-a549bac94d64','nbrawleyr5@google.co.jp','$2a$06$YBg5K/ZVK9UhFdxOUv3mpeFYWBLBD2CwjtmQ3/cfqnWyfTIcd7JWS'),
	 ('a16a7dfc-98a3-4a5b-8468-f2d924e5f1e4','abethelr6@engadget.com','$2a$06$nkdH7hpsnBHvdVNOVmXeyOBpMzS.SspYlwqMhJsuTZY0nnQfv7pQm'),
	 ('834e7109-6e9d-4557-9278-293b244fa15e','fsommerscalesr7@webeden.co.uk','$2a$06$ia1VeY4I483JTuQxML82z.ug7iOcWUvWPn3dOdDmi6XWI5ohjYF.e');
INSERT INTO public.users (id,email,"password") VALUES
	 ('db5f7f76-b56c-42d9-9d05-08be2c551882','gezzyr8@geocities.com','$2a$06$AG4MER1KtDivDEhbQwkZp.6TCVjEHaK0o7Opg6i.Ro4bzyAQtp0Gu'),
	 ('d6a945a9-e927-4f74-9597-3b3e52e8b63e','rpitfordr9@bbb.org','$2a$06$7jbgbrYKLDyU..iPOzdRd.xOabT6Oyh4GE1frhSXSx.Xb0ax7kvWm'),
	 ('f10dbda8-e6e7-4399-b81e-8ffdf5209fb8','pmcnaughtonra@pcworld.com','$2a$06$Vjk9jxkjGEPR18f4IT3noelY8tS25U9k2bdiLZRiqZpTqtkvgzIPe'),
	 ('4fca59d2-49a2-4a39-8f22-46e0d96ef382','bbeartrb@ebay.com','$2a$06$tlBROzngmbx.JVsrdWx.1eAK2El8NrYc6JSAoNbc8MQZ./q0bVqwC'),
	 ('63bb5738-cd60-42c8-a550-8a06f9d8b0f2','ahurnellrc@sohu.com','$2a$06$a4BJHjduONuhSFE8e/LgjO2rAalDKOACtVrSt.i3NOC3Zr812coB2'),
	 ('4e96a6ac-3cee-41c6-b0ab-574d3b382078','dgisbeyrd@cafepress.com','$2a$06$HHflYVcW3hjn.5fmlY4jYe3h4NfHAnbhqbnpKJ1QD.D4ECizYO8nq'),
	 ('c5e37af1-15a5-4fa3-8ca1-4b4974a0d7b3','nhabeshawre@reference.com','$2a$06$uknc7VsBLGn9.H7YJQ30HeGIOrXmyjCPbMo0LJO/EAh1EfyinOZGW'),
	 ('d0c8be33-f8db-4483-9f26-0bcb40ff4383','dnorthgravesrf@goodreads.com','$2a$06$9kzD6Rd6TyCoXPd92Qbc5.vc75SxxhIBJGxjSoQSsPKAkSNlWzPRy'),
	 ('4225b33c-6e06-4712-b4a5-243ba4dbdee3','btaylorrg@howstuffworks.com','$2a$06$QmDdfEffW8a9/bLSHmBc8OCiXJ3Dm7t668BcUwNXPEfBCou/wN6G.'),
	 ('871ea0c3-0ea5-44a8-b0e8-a7014c5db8ae','cgealyrh@canalblog.com','$2a$06$TWRxvKCeyNX38coFCEb8peF25QcCca9bth3IqTEWCJuZ.KVSn0M4i');
INSERT INTO public.users (id,email,"password") VALUES
	 ('d515a01a-a3da-46a8-8b58-29d2278aab9a','tmeusri@forbes.com','$2a$06$VhLZtf.T6A3OSbaP7nAP6edPs9vUP9t7OZa3KFb/fHYSLv8L9A7d2'),
	 ('90b4762e-817d-4d34-bbab-fdd9d0e27585','cdelaprellerj@elpais.com','$2a$06$6rEU058HqfliPOcOyx6vpurQqXNe0x4Ci2TxMdrptxEwEt3duwqM2'),
	 ('e6e1b431-d8f3-4496-a18c-43bb599da76a','bbeldumrk@youtube.com','$2a$06$PtcbEJ1MM8nm4t0u4dBY2u7EW9LfXOF8O9LaSw6jJe5gi8LyNwBgO'),
	 ('0d7e4cd1-56a6-48ab-8c98-78c24f6dad84','tchasmorrl@4shared.com','$2a$06$UD56KK/QP8.0us/Vza5VRORst6QGRcuMMvvzv1IWQhB1ptPtvZV/e'),
	 ('e1e29762-0f45-402d-8eec-5cde151e5866','nbrycesonrm@google.cn','$2a$06$IuWPyIq6D.OYSsSSiXLgE.WUBw0A.Z6DuBYF28Xj2WegondvOmWrC'),
	 ('64ef0c25-0e7b-42a6-b901-d17690c25865','lvinecombern@skyrock.com','$2a$06$DKSm4NFjyd9ZKPcuzImh5OWDs0yliS2uGnjpBQRUzlD4zzrBsIeDW'),
	 ('fbec73a6-f8c7-4101-8e46-42bc07613217','cfrenschero@merriam-webster.com','$2a$06$m6NKcVoKzG4/PdY/p1kbgumY503Kpc/YOR02mh9Yt2u8Q6BUUNNbm'),
	 ('437a9b17-b349-4a46-9f56-36d35132f2f3','cmacphailrp@ehow.com','$2a$06$pS1pw8UbrTp8hHWt3bAHWOhD2C4dd/h/mUsh4acTyvvxMJc/FAGpK'),
	 ('701910e6-3baf-4bc1-aa0c-0252407eeaee','jposselwhiterq@chicagotribune.com','$2a$06$NdAkBlZRJN/EadT2DVOKneYc.PRHLAYeG4P261DQBqCBJxeZfVMii'),
	 ('4f8eb4e6-5747-4f5b-b8cd-ccb1b827e10b','esartainrr@oracle.com','$2a$06$Ed4PO4gtGvWs24eVaqENfusu0NRRHgODGJ2w.GHhh.4xaywlRba96');

INSERT INTO public.questions (id,question) VALUES
	 ('b12fd286-41e1-42fc-86be-ee5c8f470679','Whats your companys size?'),
	 ('af2ba800-521a-40c8-870a-c74f343ee1e3','What''s your company''s size?'),
	 ('13c4f257-0a7e-4d5e-94dc-d2dacfc75663','What''s your annual gross revenue?'),
	 ('22723d32-a0f0-4c64-a07a-79d0f5d3f75c','What''s the annual volume of transactions your company produces?'),
	 ('a600edaa-e6d1-43a3-b820-a7b5635e928f','Do you agree with the following sentence?\nMy company uses unified IT services across its whole infrastructure.');

INSERT INTO public.answers (id,id_question,answer) VALUES
	 ('94d75918-cde4-4cba-8784-67b1918ba14e','af2ba800-521a-40c8-870a-c74f343ee1e3','0-10'),
	 ('253d23f2-ff76-4ab1-9c12-d3cbd96f2690','af2ba800-521a-40c8-870a-c74f343ee1e3','10-100'),
	 ('7d07bb13-62bb-4e80-b02e-37b0d8eb5900','af2ba800-521a-40c8-870a-c74f343ee1e3','>100'),
	 ('147524f8-ef23-4b1f-894c-bd8be1f1e6c2','13c4f257-0a7e-4d5e-94dc-d2dacfc75663','10,000-100,000'),
	 ('2fd59a7c-bd6f-4428-8c45-1bccf9487d3f','13c4f257-0a7e-4d5e-94dc-d2dacfc75663','100,000-500,000'),
	 ('04a27d4e-87ac-4929-aaa9-d1b63f0e3977','13c4f257-0a7e-4d5e-94dc-d2dacfc75663','500,000-1,000,000'),
	 ('418a08bf-45d2-40d8-b5d6-d3133c9806bb','22723d32-a0f0-4c64-a07a-79d0f5d3f75c','1,000-5,000'),
	 ('26371720-f2b5-4b33-b5ff-1d90f936e0b1','22723d32-a0f0-4c64-a07a-79d0f5d3f75c','5,000-10,000'),
	 ('f96420c1-5968-4e61-bc08-4ec2378340d9','22723d32-a0f0-4c64-a07a-79d0f5d3f75c','>10,000'),
	 ('3f2c7170-e93e-4d12-a6c4-853958544346','a600edaa-e6d1-43a3-b820-a7b5635e928f','Very much');
INSERT INTO public.answers (id,id_question,answer) VALUES
	 ('a74f04a7-103f-46f5-814a-afdd47316b66','a600edaa-e6d1-43a3-b820-a7b5635e928f','Somewhat unified'),
	 ('e7eba66b-c1f9-4954-a9b7-1e1b1009e0f1','a600edaa-e6d1-43a3-b820-a7b5635e928f','Disagree'),
	 ('08357770-ad44-48a0-a0cf-ea3916eb5749','a600edaa-e6d1-43a3-b820-a7b5635e928f','Completely disagree');
